,rank,first_name,last_name,vote_points,1st_place,mvp_share,full_name,year
0,1,Albert,Pujols,369,18,0.82,Albert Pujols,2008
1,2,Ryan,Howard,308,12,0.69,Ryan Howard,2008
2,3,Ryan,Braun,139,0,0.31,Ryan Braun,2008
3,4,Manny,Ramirez,138,0,0.31,Manny Ramirez,2008
4,5,Lance,Berkman,126,0,0.28,Lance Berkman,2008
5,6,CC,Sabathia,121,0,0.27,CC Sabathia,2008
6,7,David,Wright,115,0,0.26,David Wright,2008
7,8,Brad,Lidge,104,2,0.23,Brad Lidge,2008
8,9,Carlos,Delgado,96,0,0.21,Carlos Delgado,2008
9,10,Aramis,Ramirez,66,0,0.15,Aramis Ramirez,2008
10,11,Hanley,Ramirez,55,0,0.12,Hanley Ramirez,2008
11,12,Chipper,Jones,44,0,0.1,Chipper Jones,2008
12,13,Geovany,Soto,41,0,0.09,Geovany Soto,2008
13,14,Johan,Santana,30,0,0.07,Johan Santana,2008
14,14,Chase,Utley,30,0,0.07,Chase Utley,2008
15,16,Ryan,Ludwick,17,0,0.04,Ryan Ludwick,2008
16,17,Brandon,Webb,14,0,0.03,Brandon Webb,2008
17,18,Adrian,Gonzalez,13,0,0.03,Adrian Gonzalez,2008
18,18,Matt,Holliday,13,0,0.03,Matt Holliday,2008
19,20,Prince,Fielder,11,0,0.02,Prince Fielder,2008
20,21,Carlos,Beltran,10,0,0.02,Carlos Beltran,2008
21,21,Derrek,Lee,10,0,0.02,Derrek Lee,2008
22,23,Tim,Lincecum,9,0,0.02,Tim Lincecum,2008
23,24,Jose,Reyes,3,0,0.01,Jose Reyes,2008
24,24,Jose,Valverde,3,0,0.01,Jose Valverde,2008
25,26,Stephen,Drew,2,0,0.0,Stephen Drew,2008
26,27,Nate,McLouth,1,0,0.0,Nate McLouth,2008
0,1,Dustin,Pedroia,317,16,0.81,Dustin Pedroia,2008
1,2,Justin,Morneau,257,7,0.66,Justin Morneau,2008
2,3,Kevin,Youkilis,201,2,0.51,Kevin Youkilis,2008
3,4,Joe,Mauer,188,2,0.48,Joe Mauer,2008
4,5,Carlos,Quentin,160,0,0.41,Carlos Quentin,2008
5,6,Francisco,Rodriguez,143,1,0.36,Francisco Rodriguez,2008
6,7,Josh,Hamilton,112,0,0.29,Josh Hamilton,2008
7,8,Alex,Rodriguez,45,0,0.11,Alex Rodriguez,2008
8,9,Carlos,Pena,44,0,0.11,Carlos Pena,2008
9,10,Grady,Sizemore,42,0,0.11,Grady Sizemore,2008
10,11,Evan,Longoria,38,0,0.1,Evan Longoria,2008
11,12,Cliff,Lee,24,0,0.06,Cliff Lee,2008
12,13,Miguel,Cabrera,17,0,0.04,Miguel Cabrera,2008
13,14,Vladimir,Guerrero,16,0,0.04,Vladimir Guerrero,2008
14,15,Jermaine,Dye,14,0,0.04,Jermaine Dye,2008
15,16,Aubrey,Huff,12,0,0.03,Aubrey Huff,2008
16,17,Milton,Bradley,9,0,0.02,Milton Bradley,2008
17,18,Jason,Bartlett,6,0,0.02,Jason Bartlett,2008
18,19,Mike,Mussina,3,0,0.01,Mike Mussina,2008
19,20,Raul,Ibanez,1,0,0.0,Raul Ibanez,2008
20,20,Ian,Kinsler,1,0,0.0,Ian Kinsler,2008
21,20,Ichiro,Suzuki,1,0,0.0,Ichiro Suzuki,2008
22,20,Mark,Teixeira,1,0,0.0,Mark Teixeira,2008
