,rank,first_name,last_name,vote_points,1st_place,mvp_share,full_name,year
0,1,Andrew,McCutchen,409,28,0.97,Andrew McCutchen,2013
1,2,Paul,Goldschmidt,242,0,0.58,Paul Goldschmidt,2013
2,3,Yadier,Molina,219,2,0.52,Yadier Molina,2013
3,4,Matt,Carpenter,194,0,0.46,Matt Carpenter,2013
4,5,Freddie,Freeman,154,0,0.37,Freddie Freeman,2013
5,6,Joey,Votto,149,0,0.35,Joey Votto,2013
6,7,Clayton,Kershaw,146,0,0.35,Clayton Kershaw,2013
7,8,Hanley,Ramirez,58,0,0.14,Hanley Ramirez,2013
8,9,Carlos,Gomez,43,0,0.1,Carlos Gomez,2013
9,10,Jay,Bruce,30,0,0.07,Jay Bruce,2013
10,11,Craig,Kimbrel,27,0,0.06,Craig Kimbrel,2013
11,12,Shin-Soo,Choo,23,0,0.05,Shin-Soo Choo,2013
12,13,Jayson,Werth,20,0,0.05,Jayson Werth,2013
13,14,Andrelton,Simmons,14,0,0.03,Andrelton Simmons,2013
14,15,Yasiel,Puig,10,0,0.02,Yasiel Puig,2013
15,16,Hunter,Pence,7,0,0.02,Hunter Pence,2013
16,17,Troy,Tulowitzki,5,0,0.01,Troy Tulowitzki,2013
17,18,Allen,Craig,4,0,0.01,Allen Craig,2013
18,18,Adrian,Gonzalez,4,0,0.01,Adrian Gonzalez,2013
19,20,Michael,Cuddyer,3,0,0.01,Michael Cuddyer,2013
20,20,Buster,Posey,3,0,0.01,Buster Posey,2013
21,20,Adam,Wainwright,3,0,0.01,Adam Wainwright,2013
22,23,Matt,Holliday,2,0,0.0,Matt Holliday,2013
23,24,Russell,Martin,1,0,0.0,Russell Martin,2013
0,1,Miguel,Cabrera,385,23,0.92,Miguel Cabrera,2013
1,2,Mike,Trout,282,5,0.67,Mike Trout,2013
2,3,Chris,Davis,232,1,0.55,Chris Davis,2013
3,4,Josh,Donaldson,222,1,0.53,Josh Donaldson,2013
4,5,Robinson,Cano,150,0,0.36,Robinson Cano,2013
5,6,Evan,Longoria,103,0,0.25,Evan Longoria,2013
6,7,Adrian,Beltre,99,0,0.24,Adrian Beltre,2013
7,7,Dustin,Pedroia,99,0,0.24,Dustin Pedroia,2013
8,9,Manny,Machado,57,0,0.14,Manny Machado,2013
9,10,David,Ortiz,47,0,0.11,David Ortiz,2013
10,11,Jason,Kipnis,31,0,0.07,Jason Kipnis,2013
11,12,Max,Scherzer,25,0,0.06,Max Scherzer,2013
12,13,Adam,Jones,9,0,0.02,Adam Jones,2013
13,14,Edwin,Encarnacion,7,0,0.02,Edwin Encarnacion,2013
14,15,Coco,Crisp,3,0,0.01,Coco Crisp,2013
15,15,Jacoby,Ellsbury,3,0,0.01,Jacoby Ellsbury,2013
16,15,Greg,Holland,3,0,0.01,Greg Holland,2013
17,15,Carlos,Santana,3,0,0.01,Carlos Santana,2013
18,19,Torii,Hunter,2,0,0.0,Torii Hunter,2013
19,19,Hisashi,Iwakuma,2,0,0.0,Hisashi Iwakuma,2013
20,19,Koji,Uehara,2,0,0.0,Koji Uehara,2013
21,22,Yu,Darvish,1,0,0.0,Yu Darvish,2013
22,22,Felix,Hernandez,1,0,0.0,Felix Hernandez,2013
23,22,Salvador,Perez,1,0,0.0,Salvador Perez,2013
24,22,Shane,Victorino,1,0,0.0,Shane Victorino,2013
