,rank,first_name,last_name,vote_points,1st_place,mvp_share,full_name,year
0,1,Giancarlo,Stanton,302,10,0.72,Giancarlo Stanton,2017
1,2,Joey,Votto,300,10,0.71,Joey Votto,2017
2,3,Paul,Goldschmidt,239,4,0.57,Paul Goldschmidt,2017
3,4,Nolan,Arenado,229,2,0.55,Nolan Arenado,2017
4,5,Charlie,Blackmon,205,3,0.49,Charlie Blackmon,2017
5,6,Anthony,Rendon,141,0,0.34,Anthony Rendon,2017
6,7,Kris,Bryant,132,1,0.31,Kris Bryant,2017
7,8,Justin,Turner,43,0,0.1,Justin Turner,2017
8,9,Cody,Bellinger,38,0,0.09,Cody Bellinger,2017
9,10,Max,Scherzer,34,0,0.08,Max Scherzer,2017
10,11,Tommy,Pham,24,0,0.06,Tommy Pham,2017
11,12,Bryce,Harper,21,0,0.05,Bryce Harper,2017
12,13,Anthony,Rizzo,17,0,0.04,Anthony Rizzo,2017
13,14,J.D.,Martinez,11,0,0.03,J.D. Martinez,2017
14,15,Kenley,Jansen,8,0,0.02,Kenley Jansen,2017
15,15,Marcell,Ozuna,8,0,0.02,Marcell Ozuna,2017
16,17,Clayton,Kershaw,6,0,0.01,Clayton Kershaw,2017
17,17,Corey,Seager,6,0,0.01,Corey Seager,2017
18,19,Daniel,Murphy,3,0,0.01,Daniel Murphy,2017
19,20,Archie,Bradley,1,0,0.0,Archie Bradley,2017
20,20,Zack,Greinke,1,0,0.0,Zack Greinke,2017
21,20,Ryan,Zimmerman,1,0,0.0,Ryan Zimmerman,2017
0,1,Jose,Altuve,405,27,0.96,Jose Altuve,2017
1,2,Aaron,Judge,279,2,0.66,Aaron Judge,2017
2,3,Jose,Ramirez,237,1,0.56,Jose Ramirez,2017
3,4,Mike,Trout,197,0,0.47,Mike Trout,2017
4,5,Francisco,Lindor,143,0,0.34,Francisco Lindor,2017
5,6,Mookie,Betts,110,0,0.26,Mookie Betts,2017
6,7,Corey,Kluber,101,0,0.24,Corey Kluber,2017
7,8,Andrelton,Simmons,60,0,0.14,Andrelton Simmons,2017
8,9,Chris,Sale,56,0,0.13,Chris Sale,2017
9,10,Nelson,Cruz,44,0,0.1,Nelson Cruz,2017
10,11,Brian,Dozier,25,0,0.06,Brian Dozier,2017
11,12,Jonathan,Schoop,19,0,0.05,Jonathan Schoop,2017
12,13,George,Springer,17,0,0.04,George Springer,2017
13,14,JosÃ©,Abreu,16,0,0.04,JosA(c) Abreu,2017
14,14,Eric,Hosmer,16,0,0.04,Eric Hosmer,2017
15,16,Justin,Upton,12,0,0.03,Justin Upton,2017
16,17,Carlos,Correa,9,0,0.02,Carlos Correa,2017
17,18,Byron,Buxton,7,0,0.02,Byron Buxton,2017
18,19,Marwin,Gonzalez,6,0,0.01,Marwin Gonzalez,2017
19,20,Edwin,Encarnacion,4,0,0.01,Edwin Encarnacion,2017
20,20,Didi,Gregorius,4,0,0.01,Didi Gregorius,2017
21,22,Khris,Davis,1,0,0.0,Khris Davis,2017
22,22,Josh,Donaldson,1,0,0.0,Josh Donaldson,2017
23,22,Gary,Sanchez,1,0,0.0,Gary Sanchez,2017
