,rank,first_name,last_name,vote_points,1st_place,mvp_share,full_name,year
0,1,Christian,Yelich,415,29,0.99,Christian Yelich,2018
1,2,Javier,Baez,250,0,0.6,Javier Baez,2018
2,3,Nolan,Arenado,203,0,0.48,Nolan Arenado,2018
3,4,Freddie,Freeman,174,0,0.41,Freddie Freeman,2018
4,5,Jacob,deGrom,141,1,0.34,Jacob deGrom,2018
5,6,Paul,Goldschmidt,115,0,0.27,Paul Goldschmidt,2018
6,7,Lorenzo,Cain,109,0,0.26,Lorenzo Cain,2018
7,8,Trevor,Story,108,0,0.26,Trevor Story,2018
8,9,Matt,Carpenter,105,0,0.25,Matt Carpenter,2018
9,10,Max,Scherzer,59,0,0.14,Max Scherzer,2018
10,11,Anthony,Rendon,21,0,0.05,Anthony Rendon,2018
11,12,Ronald,Acuna Jr.,19,0,0.05,Ronald Acuna Jr.,2018
12,13,Aaron,Nola,16,0,0.04,Aaron Nola,2018
13,14,Justin,Turner,10,0,0.02,Justin Turner,2018
14,15,Max,Muncy,8,0,0.02,Max Muncy,2018
15,16,Jesus,Aguilar,7,0,0.02,Jesus Aguilar,2018
16,17,Anthony,Rizzo,6,0,0.01,Anthony Rizzo,2018
17,18,Nick,Markakis,2,0,0.0,Nick Markakis,2018
18,18,Eugenio,Suarez,2,0,0.0,Eugenio Suarez,2018
0,1,Mookie,Betts,410,28,0.98,Mookie Betts,2018
1,2,Mike,Trout,265,1,0.63,Mike Trout,2018
2,3,Jose,Ramirez,208,0,0.5,Jose Ramirez,2018
3,4,J.D.,Martinez,198,1,0.47,J.D. Martinez,2018
4,5,Alex,Bregman,192,0,0.46,Alex Bregman,2018
5,6,Francisco,Lindor,169,0,0.4,Francisco Lindor,2018
6,7,Matt,Chapman,141,0,0.34,Matt Chapman,2018
7,8,Khris,Davis,41,0,0.1,Khris Davis,2018
8,9,Blake,Snell,38,0,0.09,Blake Snell,2018
9,10,Justin,Verlander,26,0,0.06,Justin Verlander,2018
10,11,Mitch,Haniger,16,0,0.04,Mitch Haniger,2018
11,12,Aaron,Judge,10,0,0.02,Aaron Judge,2018
12,13,Jose,Altuve,9,0,0.02,Jose Altuve,2018
13,13,Xander,Bogaerts,9,0,0.02,Xander Bogaerts,2018
14,15,Andrelton,Simmons,7,0,0.02,Andrelton Simmons,2018
15,15,Blake,Treinen,7,0,0.02,Blake Treinen,2018
16,17,Whit,Merrifield,6,0,0.01,Whit Merrifield,2018
17,18,Edwin,Diaz,5,0,0.01,Edwin Diaz,2018
18,19,Giancarlo,Stanton,4,0,0.01,Giancarlo Stanton,2018
19,20,Didi,Gregorius,3,0,0.01,Didi Gregorius,2018
20,20,Jed,Lowrie,3,0,0.01,Jed Lowrie,2018
21,22,Trevor,Bauer,1,0,0.0,Trevor Bauer,2018
22,22,Aaron,Hicks,1,0,0.0,Aaron Hicks,2018
23,22,Chris,Sale,1,0,0.0,Chris Sale,2018
