,rank,first_name,last_name,vote_points,1st_place,mvp_share,full_name,year
0,1,Cody,Bellinger,362,19,0.86,Cody Bellinger,2019
1,2,Christian,Yelich,317,10,0.75,Christian Yelich,2019
2,3,Anthony,Rendon,242,1,0.58,Anthony Rendon,2019
3,4,Ketel,Marte,198,0,0.47,Ketel Marte,2019
4,5,Ronald,Acuna Jr.,155,0,0.37,Ronald Acuna Jr.,2019
5,6,Nolan,Arenado,120,0,0.29,Nolan Arenado,2019
6,7,Pete,Alonso,102,0,0.24,Pete Alonso,2019
7,8,Freddie,Freeman,90,0,0.21,Freddie Freeman,2019
8,9,Juan,Soto,45,0,0.11,Juan Soto,2019
9,10,Jacob,deGrom,44,0,0.1,Jacob deGrom,2019
10,11,Josh,Donaldson,27,0,0.06,Josh Donaldson,2019
11,12,Trevor,Story,26,0,0.06,Trevor Story,2019
12,13,Jack,Flaherty,9,0,0.02,Jack Flaherty,2019
13,14,J.T.,Realmuto,8,0,0.02,J.T. Realmuto,2019
14,15,Yasmani,Grandal,4,0,0.01,Yasmani Grandal,2019
15,15,Max,Muncy,4,0,0.01,Max Muncy,2019
16,15,Stephen,Strasburg,4,0,0.01,Stephen Strasburg,2019
17,15,Eugenio,Suarez,4,0,0.01,Eugenio Suarez,2019
18,19,Hyun,Jin Ryu,3,0,0.01,Hyun Jin Ryu,2019
19,20,Paul,Goldschmidt,2,0,0.0,Paul Goldschmidt,2019
20,20,Kolten,Wong,2,0,0.0,Kolten Wong,2019
21,22,Kevin,Pillar,1,0,0.0,Kevin Pillar,2019
22,22,Max,Scherzer,1,0,0.0,Max Scherzer,2019
0,1,Mike,Trout,355,17,0.85,Mike Trout,2019
1,2,Alex,Bregman,335,13,0.8,Alex Bregman,2019
2,3,Marcus,Semien,228,0,0.54,Marcus Semien,2019
3,4,DJ,LeMahieu,178,0,0.42,DJ LeMahieu,2019
4,5,Xander,Bogaerts,147,0,0.35,Xander Bogaerts,2019
5,6,Matt,Chapman,89,0,0.21,Matt Chapman,2019
6,7,George,Springer,69,0,0.16,George Springer,2019
7,8,Mookie,Betts,67,0,0.16,Mookie Betts,2019
8,9,Nelson,Cruz,62,0,0.15,Nelson Cruz,2019
9,10,Gerrit,Cole,61,0,0.15,Gerrit Cole,2019
10,11,Justin,Verlander,56,0,0.13,Justin Verlander,2019
11,12,Rafael,Devers,40,0,0.1,Rafael Devers,2019
12,13,Jorge,Polanco,20,0,0.05,Jorge Polanco,2019
13,14,Austin,Meadows,15,0,0.04,Austin Meadows,2019
14,15,Francisco,Lindor,13,0,0.03,Francisco Lindor,2019
15,16,Carlos,Santana,9,0,0.02,Carlos Santana,2019
16,17,Gleyber,Torres,8,0,0.02,Gleyber Torres,2019
17,18,Eddie,Rosario,6,0,0.01,Eddie Rosario,2019
18,19,JosÃ©,Abreu,5,0,0.01,JosA(c) Abreu,2019
19,20,Max,Kepler,2,0,0.0,Max Kepler,2019
20,21,J.D.,Martinez,1,0,0.0,J.D. Martinez,2019
21,21,Yoan,Moncada,1,0,0.0,Yoan Moncada,2019
22,21,Charlie,Morton,1,0,0.0,Charlie Morton,2019
23,21,Matt,Olson,1,0,0.0,Matt Olson,2019
24,21,Jorge,Soler,1,0,0.0,Jorge Soler,2019
