,rank,first_name,last_name,vote_points,1st_place,mvp_share,full_name,year
0,1,Freddie,Freeman,410,28,0.98,Freddie Freeman,2020
1,2,Mookie,Betts,268,2,0.64,Mookie Betts,2020
2,3,Manny,Machado,221,0,0.53,Manny Machado,2020
3,4,Fernando,Tatis Jr.,201,0,0.48,Fernando Tatis Jr.,2020
4,5,Juan,Soto,172,0,0.41,Juan Soto,2020
5,6,Marcell,Ozuna,167,0,0.4,Marcell Ozuna,2020
6,7,Trea,Turner,83,0,0.2,Trea Turner,2020
7,8,Mike,Yastrzemski,81,0,0.19,Mike Yastrzemski,2020
8,9,Corey,Seager,43,0,0.1,Corey Seager,2020
9,10,Trevor,Bauer,32,0,0.08,Trevor Bauer,2020
10,11,Trevor,Story,23,0,0.05,Trevor Story,2020
11,12,Ronald,Acuna Jr.,21,0,0.05,Ronald Acuna Jr.,2020
12,13,Dominic,Smith,16,0,0.04,Dominic Smith,2020
13,14,Yu,Darvish,14,0,0.03,Yu Darvish,2020
14,15,Paul,Goldschmidt,9,0,0.02,Paul Goldschmidt,2020
15,16,Brandon,Belt,2,0,0.0,Brandon Belt,2020
16,16,Wil,Myers,2,0,0.0,Wil Myers,2020
17,18,Max,Fried,1,0,0.0,Max Fried,2020
18,18,Ian,Happ,1,0,0.0,Ian Happ,2020
19,18,Dansby,Swanson,1,0,0.0,Dansby Swanson,2020
20,18,Ryan,Tepera,1,0,0.0,Ryan Tepera,2020
21,18,Devin,Williams,1,0,0.0,Devin Williams,2020
0,1,José,Abreu,374,21,0.89,Jose Abreu,2020
1,2,Jose,Ramirez,303,8,0.72,Jose Ramirez,2020
2,3,DJ,LeMahieu,230,1,0.55,DJ LeMahieu,2020
3,4,Shane,Bieber,173,0,0.41,Shane Bieber,2020
4,5,Mike,Trout,172,0,0.41,Mike Trout,2020
5,6,Nelson,Cruz,128,0,0.3,Nelson Cruz,2020
6,7,Tim,Anderson,125,0,0.3,Tim Anderson,2020
7,8,Brandon,Lowe,104,0,0.25,Brandon Lowe,2020
8,9,Luke,Voit,85,0,0.2,Luke Voit,2020
9,10,Anthony,Rendon,42,0,0.1,Anthony Rendon,2020
10,11,Teoscar,Hernandez,8,0,0.02,Teoscar Hernandez,2020
11,12,Alex,Verdugo,6,0,0.01,Alex Verdugo,2020
12,13,Liam,Hendriks,4,0,0.01,Liam Hendriks,2020
13,13,Hyun,Jin Ryu,4,0,0.01,Hyun Jin Ryu,2020
14,13,George,Springer,4,0,0.01,George Springer,2020
15,16,Byron,Buxton,2,0,0.0,Byron Buxton,2020
16,17,Xander,Bogaerts,1,0,0.0,Xander Bogaerts,2020
17,17,David,Fletcher,1,0,0.0,David Fletcher,2020
18,17,Dallas,Keuchel,1,0,0.0,Dallas Keuchel,2020
19,17,Kyle,Lewis,1,0,0.0,Kyle Lewis,2020
20,17,Salvador,Perez,1,0,0.0,Salvador Perez,2020
21,17,Eddie,Rosario,1,0,0.0,Eddie Rosario,2020
