,rank,first_name,last_name,vote_points,1st_place,mvp_share,full_name,year
0,1,Bryce,Harper,348,17,0.82857,Bryce Harper,2021
1,2,Juan,Soto,274,6,0.65238,Juan Soto,2021
2,3,Fernando,Tatis Jr.,244,2,0.58095,Fernando Tatis Jr.,2021
3,4,Brandon,Crawford,213,4,0.50714,Brandon Crawford,2021
4,5,Trea,Turner,185,1,0.44048,Trea Turner,2021
5,6,Paul,Goldschmidt,128,0,0.30476,Paul Goldschmidt,2021
6,7,Austin,Riley,111,0,0.26429,Austin Riley,2021
7,8,Tyler,O'Neill,62,0,0.14762,Tyler O'Neill,2021
8,9,Freddie,Freeman,43,0,0.10238,Freddie Freeman,2021
9,10,Max,Muncy,38,0,0.09048,Max Muncy,2021
10,11,Bryan,Reynolds,33,0,0.07857,Bryan Reynolds,2021
11,12,Nick,Castellanos,24,0,0.05714,Nick Castellanos,2021
12,13,Ozzie,Albies,12,0,0.02857,Ozzie Albies,2021
13,14,Max,Scherzer,11,0,0.02619,Max Scherzer,2021
14,15,Corbin,Burnes,9,0,0.02143,Corbin Burnes,2021
15,16,Willy,Adames,8,0,0.01905,Willy Adames,2021
16,16,Joey,Votto,8,0,0.01905,Joey Votto,2021
17,18,Manny,Machado,7,0,0.01667,Manny Machado,2021
18,19,Zack,Wheeler,6,0,0.01429,Zack Wheeler,2021
19,20,Adam,Wainwright,3,0,0.00714,Adam Wainwright,2021
20,21,Kevin,Gausman,1,0,0.00238,Kevin Gausman,2021
21,21,Buster,Posey,1,0,0.00238,Buster Posey,2021
22,21,LaMonte,Wade Jr.,1,0,0.00238,LaMonte Wade Jr.,2021
0,1,Shohei,Ohtani,420,30,1.0,Shohei Ohtani,2021
1,2,Vladimir,Guerrero Jr.,269,0,0.64047619,Vladimir Guerrero Jr.,2021
2,3,Marcus,Semien,232,0,0.552380952,Marcus Semien,2021
3,4,Aaron,Judge,171,0,0.407142857,Aaron Judge,2021
4,5,Carlos,Correa,163,0,0.388095238,Carlos Correa,2021
5,6,Jose,Ramirez,133,0,0.316666667,Jose Ramirez,2021
6,7,Salvador,Perez,103,0,0.245238095,Salvador Perez,2021
7,8,Matt,Olson,90,0,0.214285714,Matt Olson,2021
8,9,Cedric,Mullins,87,0,0.207142857,Cedric Mullins,2021
9,10,Brandon,Lowe,34,0,0.080952381,Brandon Lowe,2021
10,11,Rafael,Devers,28,0,0.066666667,Rafael Devers,2021
11,12,Bo,Bichette,7,0,0.016666667,Bo Bichette,2021
12,12,Xander,Bogaerts,7,0,0.016666667,Xander Bogaerts,2021
13,14,José,Abreu,5,0,0.011904762,Jose Abreu,2021
14,15,Gerrit,Cole,4,0,0.00952381,Gerrit Cole,2021
15,15,Nathan,Eovaldi,4,0,0.00952381,Nathan Eovaldi,2021
16,15,Robbie,Ray,4,0,0.00952381,Robbie Ray,2021
17,18,Jose,Altuve,3,0,0.007142857,Jose Altuve,2021
18,19,Teoscar,Hernandez,2,0,0.004761905,Teoscar Hernandez,2021
19,20,Mitch,Haniger,1,0,0.002380952,Mitch Haniger,2021
20,20,Austin,Meadows,1,0,0.002380952,Austin Meadows,2021
21,20,Kyle,Tucker,1,0,0.002380952,Kyle Tucker,2021
22,20,Mike,Zunino,1,0,0.002380952,Mike Zunino,2021
