﻿rank,first_name,last_name,vote_points,1st_place,mvp_share
1,Justin,Verlander,280,13,0.71
2,Jacoby,Ellsbury,242,4,0.62
3,Jose,Bautista,231,5,0.59
4,Curtis,Granderson,215,3,0.55
5,Miguel,Cabrera,193,2,0.49
6,Robinson,Cano,112,0,0.29
7,Adrian,Gonzalez,105,0,0.27
8,Michael,Young,96,1,0.24
9,Dustin,Pedroia,48,0,0.12
10,Evan,Longoria,27,0,0.07
11,Ian,Kinsler,25,0,0.06
12,Alex,Avila,13,0,0.03
13,Paul,Konerko,11,0,0.03
14,CC,Sabathia,10,0,0.03
15,Adrian,Beltre,9,0,0.02
16,Victor,Martinez,7,0,0.02
16,James,Shields,7,0,0.02
16,Ben,Zobrist,7,0,0.02
19,Mark,Teixeira,5,0,0.01
20,Asdrubal,Cabrera,4,0,0.01
21,Alex,Gordon,3,0,0.01
22,Josh,Hamilton,1,0,0.00
22,David,Robertson,1,0,0.00
