﻿rank,first_name,last_name,vote_points,1st_place,mvp_share
1,Jose,Altuve,405,27,0.96
2,Aaron,Judge,279,2,0.66
3,Jose,Ramirez,237,1,0.56
4,Mike,Trout,197,0,0.47
5,Francisco,Lindor,143,0,0.34
6,Mookie,Betts,110,0,0.26
7,Corey,Kluber,101,0,0.24
8,Andrelton,Simmons,60,0,0.14
9,Chris,Sale,56,0,0.13
10,Nelson,Cruz,44,0,0.10
11,Brian,Dozier,25,0,0.06
12,Jonathan,Schoop,19,0,0.05
13,George,Springer,17,0,0.04
14,JosÃ©,Abreu,16,0,0.04
14,Eric,Hosmer,16,0,0.04
16,Justin,Upton,12,0,0.03
17,Carlos,Correa,9,0,0.02
18,Byron,Buxton,7,0,0.02
19,Marwin,Gonzalez,6,0,0.01
20,Edwin,Encarnacion,4,0,0.01
20,Didi,Gregorius,4,0,0.01
22,Khris,Davis,1,0,0.00
22,Josh,Donaldson,1,0,0.00
22,Gary,Sanchez,1,0,0.00
