﻿rank,first_name,last_name,vote_points,1st_place,mvp_share
1,Miguel,Cabrera,385,23,0.92
2,Mike,Trout,282,5,0.67
3,Chris,Davis,232,1,0.55
4,Josh,Donaldson,222,1,0.53
5,Robinson,Cano,150,0,0.36
6,Evan,Longoria,103,0,0.25
7,Adrian,Beltre,99,0,0.24
7,Dustin,Pedroia,99,0,0.24
9,Manny,Machado,57,0,0.14
10,David,Ortiz,47,0,0.11
11,Jason,Kipnis,31,0,0.07
12,Max,Scherzer,25,0,0.06
13,Adam,Jones,9,0,0.02
14,Edwin,Encarnacion,7,0,0.02
15,Coco,Crisp,3,0,0.01
15,Jacoby,Ellsbury,3,0,0.01
15,Greg,Holland,3,0,0.01
15,Carlos,Santana,3,0,0.01
19,Torii,Hunter,2,0,0.00
19,Hisashi,Iwakuma,2,0,0.00
19,Koji,Uehara,2,0,0.00
22,Yu,Darvish,1,0,0.00
22,Felix,Hernandez,1,0,0.00
22,Salvador,Perez,1,0,0.00
22,Shane,Victorino,1,0,0.00
