﻿rank,first_name,last_name,vote_points,1st_place,mvp_share
1,Mike,Trout,355,17,0.85
2,Alex,Bregman,335,13,0.80
3,Marcus,Semien,228,0,0.54
4,DJ,LeMahieu,178,0,0.42
5,Xander,Bogaerts,147,0,0.35
6,Matt,Chapman,89,0,0.21
7,George,Springer,69,0,0.16
8,Mookie,Betts,67,0,0.16
9,Nelson,Cruz,62,0,0.15
10,Gerrit,Cole,61,0,0.15
11,Justin,Verlander,56,0,0.13
12,Rafael,Devers,40,0,0.10
13,Jorge,Polanco,20,0,0.05
14,Austin,Meadows,15,0,0.04
15,Francisco,Lindor,13,0,0.03
16,Carlos,Santana,9,0,0.02
17,Gleyber,Torres,8,0,0.02
18,Eddie,Rosario,6,0,0.01
19,JosÃ©,Abreu,5,0,0.01
20,Max,Kepler,2,0,0.00
21,J.D.,Martinez,1,0,0.00
21,Yoan,Moncada,1,0,0.00
21,Charlie,Morton,1,0,0.00
21,Matt,Olson,1,0,0.00
21,Jorge,Soler,1,0,0.00
