﻿rank,first_name,last_name,vote_points,1st_place,mvp_share
1,Josh,Hamilton,358,22,0.91
2,Miguel,Cabrera,262,5,0.67
3,Robinson,Cano,229,0,0.58
4,Jose,Bautista,165,1,0.42
5,Paul,Konerko,130,0,0.33
6,Evan,Longoria,100,0,0.26
7,Carl,Crawford,98,0,0.25
8,Joe,Mauer,97,0,0.25
9,Adrian,Beltre,83,0,0.21
10,Delmon,Young,44,0,0.11
11,Vladimir,Guerrero,22,0,0.06
12,Rafael,Soriano,21,0,0.05
13,CC,Sabathia,13,0,0.03
14,Shin-Soo,Choo,9,0,0.02
15,Alex,Rodriguez,8,0,0.02
16,Felix,Hernandez,6,0,0.02
17,Ichiro,Suzuki,3,0,0.01
18,Jim,Thome,2,0,0.01
19,Joakim,Soria,1,0,0.00
19,Mark,Teixeira,1,0,0.00
