﻿rank,first_name,last_name,vote_points,1st_place,mvp_share
1,Christian,Yelich,415,29,0.99
2,Javier,Baez,250,0,0.60
3,Nolan,Arenado,203,0,0.48
4,Freddie,Freeman,174,0,0.41
5,Jacob,deGrom,141,1,0.34
6,Paul,Goldschmidt,115,0,0.27
7,Lorenzo,Cain,109,0,0.26
8,Trevor,Story,108,0,0.26
9,Matt,Carpenter,105,0,0.25
10,Max,Scherzer,59,0,0.14
11,Anthony,Rendon,21,0,0.05
12,Ronald,Acuna Jr.,19,0,0.05
13,Aaron,Nola,16,0,0.04
14,Justin,Turner,10,0,0.02
15,Max,Muncy,8,0,0.02
16,Jesus,Aguilar,7,0,0.02
17,Anthony,Rizzo,6,0,0.01
18,Nick,Markakis,2,0,0.00
18,Eugenio,Suarez,2,0,0.00
