﻿rank,first_name,last_name,vote_points,1st_place,mvp_share
1,Albert,Pujols,369,18,0.82
2,Ryan,Howard,308,12,0.69
3,Ryan,Braun,139,0,0.31
4,Manny,Ramirez,138,0,0.31
5,Lance,Berkman,126,0,0.28
6,CC,Sabathia,121,0,0.27
7,David,Wright,115,0,0.26
8,Brad,Lidge,104,2,0.23
9,Carlos,Delgado,96,0,0.21
10,Aramis,Ramirez,66,0,0.15
11,Hanley,Ramirez,55,0,0.12
12,Chipper,Jones,44,0,0.10
13,Geovany,Soto,41,0,0.09
14,Johan,Santana,30,0,0.07
14,Chase,Utley,30,0,0.07
16,Ryan,Ludwick,17,0,0.04
17,Brandon,Webb,14,0,0.03
18,Adrian,Gonzalez,13,0,0.03
18,Matt,Holliday,13,0,0.03
20,Prince,Fielder,11,0,0.02
21,Carlos,Beltran,10,0,0.02
21,Derrek,Lee,10,0,0.02
23,Tim,Lincecum,9,0,0.02
24,Jose,Reyes,3,0,0.01
24,Jose,Valverde,3,0,0.01
26,Stephen,Drew,2,0,0.00
27,Nate,McLouth,1,0,0.00
