﻿rank,first_name,last_name,vote_points,1st_place,mvp_share
1,Buster,Posey,422,27,0.94
2,Ryan,Braun,285,3,0.64
3,Andrew,McCutchen,245,0,0.55
4,Yadier,Molina,241,2,0.54
5,Chase,Headley,127,0,0.28
6,Adam,LaRoche,86,0,0.19
6,David,Wright,86,0,0.19
8,Craig,Kimbrel,73,0,0.16
9,Aramis,Ramirez,47,0,0.10
10,Jay,Bruce,46,0,0.10
11,Matt,Holliday,34,0,0.08
12,Aroldis,Chapman,20,0,0.04
13,Brandon,Phillips,18,0,0.04
14,R.A.,Dickey,16,0,0.04
14,Joey,Votto,16,0,0.04
16,Ian,Desmond,15,0,0.03
16,Clayton,Kershaw,15,0,0.03
18,Michael,Bourn,12,0,0.03
19,Allen,Craig,10,0,0.02
20,Gio,Gonzalez,8,0,0.02
20,Kris,Medlen,8,0,0.02
20,Martin,Prado,8,0,0.02
20,Alfonso,Soriano,8,0,0.02
24,Giancarlo,Stanton,7,0,0.02
24,Ryan,Zimmerman,7,0,0.02
26,Carlos,Beltran,6,0,0.01
26,Aaron,Hill,6,0,0.01
28,Jason,Heyward,4,0,0.01
28,Carlos,Ruiz,4,0,0.01
30,Johnny,Cueto,2,0,0.00
30,Bryce,Harper,2,0,0.00
32,Chipper,Jones,1,0,0.00
32,Miguel,Montero,1,0,0.00
32,Angel,Pagan,1,0,0.00
32,Hunter,Pence,1,0,0.00
