﻿rank,first_name,last_name,vote_points,1st_place,mvp_share
1,Giancarlo,Stanton,302,10,0.72
2,Joey,Votto,300,10,0.71
3,Paul,Goldschmidt,239,4,0.57
4,Nolan,Arenado,229,2,0.55
5,Charlie,Blackmon,205,3,0.49
6,Anthony,Rendon,141,0,0.34
7,Kris,Bryant,132,1,0.31
8,Justin,Turner,43,0,0.10
9,Cody,Bellinger,38,0,0.09
10,Max,Scherzer,34,0,0.08
11,Tommy,Pham,24,0,0.06
12,Bryce,Harper,21,0,0.05
13,Anthony,Rizzo,17,0,0.04
14,J.D.,Martinez,11,0,0.03
15,Kenley,Jansen,8,0,0.02
15,Marcell,Ozuna,8,0,0.02
17,Clayton,Kershaw,6,0,0.01
17,Corey,Seager,6,0,0.01
19,Daniel,Murphy,3,0,0.01
20,Archie,Bradley,1,0,0.00
20,Zack,Greinke,1,0,0.00
20,Ryan,Zimmerman,1,0,0.00
