﻿rank,first_name,last_name,vote_points,1st_place,mvp_share
1,Bryce,Harper,420,30,1
2,Paul,Goldschmidt,234,0,0.56
3,Joey,Votto,175,0,0.42
4,Anthony,Rizzo,162,0,0.39
5,Andrew,McCutchen,139,0,0.33
6,Jake,Arrieta,134,0,0.32
7,Zack,Greinke,130,0,0.31
8,Nolan,Arenado,102,0,0.24
9,Buster,Posey,84,0,0.2
10,Clayton,Kershaw,49,0,0.12
11,Kris,Bryant,34,0,0.08
12,Matt,Carpenter,26,0,0.06
13,Yoenis,Céspedes,24,0,0.06
14,AJ,Pollock,21,0,0.05
15,Jason,Heyward,15,0,0.04
16,Dee,Strange-Gordon,6,0,0.01
17,Trevor,Rosenthal,5,0,0.01
18,Curtis,Granderson,4,0,0.01
19,Gerrit,Cole,3,0,0.01
19,Adrian,Gonzalez,3,0,0.01
