﻿rank,first_name,last_name,vote_points,1st_place,mvp_share
1,Clayton,Kershaw,355,18,0.85
2,Giancarlo,Stanton,298,8,0.71
3,Andrew,McCutchen,271,4,0.65
4,Jonathan,Lucroy,167,0,0.40
5,Anthony,Rendon,155,0,0.37
6,Buster,Posey,152,0,0.36
7,Adrian,Gonzalez,57,0,0.14
8,Adam,Wainwright,53,0,0.13
9,Josh,Harrison,52,0,0.12
10,Anthony,Rizzo,37,0,0.09
11,Hunter,Pence,34,0,0.08
12,Johnny,Cueto,22,0,0.05
13,Russell,Martin,21,0,0.05
14,Matt,Holliday,17,0,0.04
14,Jhonny,Peralta,17,0,0.04
16,Carlos,Gomez,13,0,0.03
17,Justin,Upton,10,0,0.02
18,Jayson,Werth,9,0,0.02
19,Yasiel,Puig,8,0,0.02
19,Denard,Span,8,0,0.02
21,Devin,Mesoraco,5,0,0.01
22,Lucas,Duda,3,0,0.01
23,Freddie,Freeman,2,0,0.00
23,Justin,Morneau,2,0,0.00
25,Dee,Strange-Gordon,1,0,0.00
25,Troy,Tulowitzki,1,0,0.00
