﻿rank,first_name,last_name,vote_points,1st_place,mvp_share
1,Joe,Mauer,387,27,0.99
2,Mark,Teixeira,225,0,0.57
3,Derek,Jeter,193,0,0.49
4,Miguel,Cabrera,171,1,0.44
5,Kendrys,Morales,170,0,0.43
6,Kevin,Youkilis,150,0,0.38
7,Jason,Bay,78,0,0.20
8,Ben,Zobrist,34,0,0.09
9,Ichiro,Suzuki,33,0,0.08
10,Chone,Figgins,31,0,0.08
10,Alex,Rodriguez,31,0,0.08
12,Bobby,Abreu,23,0,0.06
12,Aaron,Hill,23,0,0.06
14,Mariano,Rivera,17,0,0.04
15,Adam,Lind,14,0,0.04
16,Michael,Young,13,0,0.03
17,Robinson,Cano,12,0,0.03
17,Zack,Greinke,12,0,0.03
19,Evan,Longoria,9,0,0.02
20,Justin,Verlander,7,0,0.02
21,Michael,Cuddyer,4,0,0.01
21,Victor,Martinez,4,0,0.01
21,CC,Sabathia,4,0,0.01
24,Jason,Kubel,3,0,0.01
25,Placido,Polanco,2,0,0.01
26,Felix,Hernandez,1,0,0.00
26,Ian,Kinsler,1,0,0.00
