﻿rank,first_name,last_name,vote_points,1st_place,mvp_share
1,Dustin,Pedroia,317,16,0.81
2,Justin,Morneau,257,7,0.66
3,Kevin,Youkilis,201,2,0.51
4,Joe,Mauer,188,2,0.48
5,Carlos,Quentin,160,0,0.41
6,Francisco,Rodriguez,143,1,0.36
7,Josh,Hamilton,112,0,0.29
8,Alex,Rodriguez,45,0,0.11
9,Carlos,Pena,44,0,0.11
10,Grady,Sizemore,42,0,0.11
11,Evan,Longoria,38,0,0.1
12,Cliff,Lee,24,0,0.06
13,Miguel,Cabrera,17,0,0.04
14,Vladimir,Guerrero,16,0,0.04
15,Jermaine,Dye,14,0,0.04
16,Aubrey,Huff,12,0,0.03
17,Milton,Bradley,9,0,0.02
18,Jason,Bartlett,6,0,0.02
19,Mike,Mussina,3,0,0.01
20,Raul,Ibanez,1,0,0
20,Ian,Kinsler,1,0,0
20,Ichiro,Suzuki,1,0,0
20,Mark,Teixeira,1,0,0
