﻿rank,first_name,last_name,vote_points,1st_place,mvp_share
1,Shohei,Ohtani,420,30,1
2,Vladimir,Guerrero Jr.,269,0,0.64047619
3,Marcus,Semien,232,0,0.552380952
4,Aaron,Judge,171,0,0.407142857
5,Carlos,Correa,163,0,0.388095238
6,Jose,Ramirez,133,0,0.316666667
7,Salvador,Perez,103,0,0.245238095
8,Matt,Olson,90,0,0.214285714
9,Cedric,Mullins,87,0,0.207142857
10,Brandon,Lowe,34,0,0.080952381
11,Rafael,Devers,28,0,0.066666667
12,Bo,Bichette,7,0,0.016666667
12,Xander,Bogaerts,7,0,0.016666667
14,José,Abreu,5,0,0.011904762
15,Gerrit,Cole,4,0,0.00952381
15,Nathan,Eovaldi,4,0,0.00952381
15,Robbie,Ray,4,0,0.00952381
18,Jose,Altuve,3,0,0.007142857
19,Teoscar,Hernandez,2,0,0.004761905
20,Mitch,Haniger,1,0,0.002380952
20,Austin,Meadows,1,0,0.002380952
20,Kyle,Tucker,1,0,0.002380952
20,Mike,Zunino,1,0,0.002380952
