﻿rank,first_name,last_name,vote_points,1st_place,mvp_share
1,José,Abreu,374,21,0.89
2,Jose,Ramirez,303,8,0.72
3,DJ,LeMahieu,230,1,0.55
4,Shane,Bieber,173,0,0.41
5,Mike,Trout,172,0,0.41
6,Nelson,Cruz,128,0,0.30
7,Tim,Anderson,125,0,0.30
8,Brandon,Lowe,104,0,0.25
9,Luke,Voit,85,0,0.20
10,Anthony,Rendon,42,0,0.10
11,Teoscar,Hernandez,8,0,0.02
12,Alex,Verdugo,6,0,0.01
13,Liam,Hendriks,4,0,0.01
13,Hyun,Jin Ryu,4,0,0.01
13,George,Springer,4,0,0.01
16,Byron,Buxton,2,0,0.00
17,Xander,Bogaerts,1,0,0.00
17,David,Fletcher,1,0,0.00
17,Dallas,Keuchel,1,0,0.00
17,Kyle,Lewis,1,0,0.00
17,Salvador,Perez,1,0,0.00
17,Eddie,Rosario,1,0,0.00
