﻿rank,first_name,last_name,vote_points,1st_place,mvp_share
1,Mookie,Betts,410,28,0.98
2,Mike,Trout,265,1,0.63
3,Jose,Ramirez,208,0,0.50
4,J.D.,Martinez,198,1,0.47
5,Alex,Bregman,192,0,0.46
6,Francisco,Lindor,169,0,0.40
7,Matt,Chapman,141,0,0.34
8,Khris,Davis,41,0,0.10
9,Blake,Snell,38,0,0.09
10,Justin,Verlander,26,0,0.06
11,Mitch,Haniger,16,0,0.04
12,Aaron,Judge,10,0,0.02
13,Jose,Altuve,9,0,0.02
13,Xander,Bogaerts,9,0,0.02
15,Andrelton,Simmons,7,0,0.02
15,Blake,Treinen,7,0,0.02
17,Whit,Merrifield,6,0,0.01
18,Edwin,Diaz,5,0,0.01
19,Giancarlo,Stanton,4,0,0.01
20,Didi,Gregorius,3,0,0.01
20,Jed,Lowrie,3,0,0.01
22,Trevor,Bauer,1,0,0.00
22,Aaron,Hicks,1,0,0.00
22,Chris,Sale,1,0,0.00
