﻿rank,first_name,last_name,vote_points,1st_place,mvp_share
1,Josh,Donaldson,385,23,0.92
2,Mike,Trout,304,7,0.72
3,Lorenzo,Cain,225,0,0.54
4,Manny,Machado,158,0,0.38
5,Dallas,Keuchel,107,0,0.25
6,Nelson,Cruz,94,0,0.22
7,Adrian,Beltre,83,0,0.20
8,Jose,Bautista,82,0,0.20
9,David,Price,62,0,0.15
10,Jose,Altuve,44,0,0.10
11,Miguel,Cabrera,40,0,0.10
12,Edwin,Encarnacion,38,0,0.09
13,Prince,Fielder,33,0,0.08
14,Chris,Davis,32,0,0.08
15,J.D.,Martinez,18,0,0.04
16,Jason,Kipnis,17,0,0.04
17,Kevin,Kiermaier,10,0,0.02
18,Kendrys,Morales,7,0,0.02
19,Mookie,Betts,4,0,0.01
19,Chris,Sale,4,0,0.01
21,JosÃ©,Abreu,3,0,0.01
21,Ian,Kinsler,3,0,0.01
21,Mike,Moustakas,3,0,0.01
24,Carlos,Correa,2,0,0.00
24,Eric,Hosmer,2,0,0.00
24,Russell,Martin,2,0,0.00
24,Brian,McCann,2,0,0.00
28,Michael,Brantley,1,0,0.00
28,Wade,Davis,1,0,0.00
28,Brian,Dozier,1,0,0.00
28,David,Ortiz,1,0,0.00
28,Alex,Rodriguez,1,0,0.00
28,Mark,Teixeira,1,0,0.00
