﻿rank,first_name,last_name,vote_points,1st_place,mvp_share
1,Miguel,Cabrera,362,22,0.92
2,Mike,Trout,281,6,0.72
3,Adrian,Beltre,210,0,0.54
4,Robinson,Cano,149,0,0.38
5,Josh,Hamilton,127,0,0.32
6,Adam,Jones,120,0,0.31
7,Derek,Jeter,77,0,0.20
8,Justin,Verlander,58,0,0.15
9,Prince,Fielder,56,0,0.14
10,Yoenis,CÃ©spedes,41,0,0.10
11,Edwin,Encarnacion,33,0,0.08
12,David,Price,26,0,0.07
13,Fernando,Rodney,24,0,0.06
14,Jim,Johnson,22,0,0.06
15,Alex,Rios,17,0,0.04
16,Josh,Reddick,14,0,0.04
17,Albert,Pujols,8,0,0.02
18,Ben,Zobrist,7,0,0.02
19,Joe,Mauer,6,0,0.02
20,Rafael,Soriano,5,0,0.01
21,Matt,Wieters,4,0,0.01
22,Felix,Hernandez,2,0,0.01
22,Jered,Weaver,2,0,0.01
24,Raul,Ibanez,1,0,0.00
