﻿rank,first_name,last_name,vote_points,1st_place,mvp_share
1,Mike,Trout,356,19,0.85
2,Mookie,Betts,311,9,0.74
3,Jose,Altuve,227,0,0.54
4,Josh,Donaldson,200,0,0.48
5,Manny,Machado,150,0,0.36
6,David,Ortiz,147,1,0.35
7,Adrian,Beltre,135,1,0.32
8,Robinson,Cano,79,0,0.19
9,Miguel,Cabrera,56,0,0.13
9,Francisco,Lindor,56,0,0.13
11,Zack,Britton,11,0,0.03
12,Kyle,Seager,10,0,0.02
13,Brian,Dozier,9,0,0.02
14,Edwin,Encarnacion,7,0,0.02
15,Nelson,Cruz,6,0,0.01
16,Chris,Sale,3,0,0.01
17,Jose,Ramirez,2,0,0.00
17,Justin,Verlander,2,0,0.00
19,Adam,Eaton,1,0,0.00
19,Corey,Kluber,1,0,0.00
19,Evan,Longoria,1,0,0.00
