﻿rank,first_name,last_name,vote_points,1st_place,mvp_share
1,Mike,Trout,420,30,1.00
2,Victor,Martinez,229,0,0.55
3,Michael,Brantley,191,0,0.45
4,José,Abreu,145,0,0.35
5,Robinson,Cano,124,0,0.30
6,Jose,Bautista,122,0,0.29
7,Nelson,Cruz,102,0,0.24
8,Josh,Donaldson,96,0,0.23
9,Miguel,Cabrera,82,0,0.20
10,Felix,Hernandez,48,0,0.11
11,Corey,Kluber,45,0,0.11
12,Alex,Gordon,44,0,0.10
13,Jose,Altuve,41,0,0.10
14,Adam,Jones,34,0,0.08
15,Adrian,Beltre,22,0,0.05
16,Greg,Holland,13,0,0.03
17,Albert,Pujols,5,0,0.01
18,Howie,Kendrick,3,0,0.01
18,James,Shields,3,0,0.01
20,Kyle,Seager,1,0,0.00
