﻿rank,first_name,last_name,vote_points,1st_place,mvp_share
1,Albert,Pujols,448,32,1.00
2,Hanley,Ramirez,233,0,0.52
3,Ryan,Howard,217,0,0.48
4,Prince,Fielder,203,0,0.45
5,Troy,Tulowitzki,172,0,0.38
6,Andre,Ethier,113,0,0.25
7,Pablo,Sandoval,89,0,0.20
8,Chase,Utley,84,0,0.19
9,Derrek,Lee,66,0,0.15
10,Matt,Kemp,49,0,0.11
11,Ryan,Braun,43,0,0.10
12,Adrian,Gonzalez,30,0,0.07
13,Todd,Helton,28,0,0.06
14,Chris,Carpenter,25,0,0.06
15,Adam,Wainwright,16,0,0.04
16,Matt,Holliday,15,0,0.03
17,Jayson,Werth,10,0,0.02
18,Tim,Lincecum,8,0,0.02
18,Shane,Victorino,8,0,0.02
20,Yunel,Escobar,6,0,0.01
20,Mark,Reynolds,6,0,0.01
22,Joey,Votto,4,0,0.01
23,Yadier,Molina,3,0,0.01
23,Miguel,Tejada,3,0,0.01
25,Huston,Street,2,0,0.00
25,Justin,Upton,2,0,0.00
25,Ryan,Zimmerman,2,0,0.00
28,Jeremy,Affeldt,1,0,0.00
28,Chris,Coghlan,1,0,0.00
28,Brad,Hawpe,1,0,0.00
