﻿rank,first_name,last_name,vote_points,1st_place,mvp_share
1,Joey,Votto,443,31,0.99
2,Albert,Pujols,279,1,0.62
3,Carlos,Gonzalez,240,0,0.54
4,Adrian,Gonzalez,197,0,0.44
5,Troy,Tulowitzki,132,0,0.29
6,Roy,Halladay,130,0,0.29
7,Aubrey,Huff,70,0,0.16
8,Jayson,Werth,52,0,0.12
9,Martin,Prado,51,0,0.11
10,Ryan,Howard,50,0,0.11
11,Buster,Posey,40,0,0.09
12,Matt,Holliday,32,0,0.07
13,Brian,Wilson,28,0,0.06
14,Scott,Rolen,26,0,0.06
15,Ryan,Braun,19,0,0.04
16,Ryan,Zimmerman,18,0,0.04
17,Carlos,Ruiz,12,0,0.03
17,Dan,Uggla,12,0,0.03
17,Adam,Wainwright,12,0,0.03
20,Jason,Heyward,11,0,0.02
21,Adam,Dunn,9,0,0.02
21,Brian,McCann,9,0,0.02
23,Ubaldo,Jimenez,7,0,0.02
24,David,Wright,3,0,0.01
25,Heath,Bell,2,0,0.00
25,Corey,Hart,2,0,0.00
25,Josh,Johnson,2,0,0.00
