﻿rank,first_name,last_name,vote_points,1st_place,mvp_share
1,Bryce,Harper,348,17,0.82857
2,Juan,Soto,274,6,0.65238
3,Fernando,Tatis Jr.,244,2,0.58095
4,Brandon,Crawford,213,4,0.50714
5,Trea,Turner,185,1,0.44048
6,Paul,Goldschmidt,128,0,0.30476
7,Austin,Riley,111,0,0.26429
8,Tyler,O'Neill,62,0,0.14762
9,Freddie,Freeman,43,0,0.10238
10,Max,Muncy,38,0,0.09048
11,Bryan,Reynolds,33,0,0.07857
12,Nick,Castellanos,24,0,0.05714
13,Ozzie,Albies,12,0,0.02857
14,Max,Scherzer,11,0,0.02619
15,Corbin,Burnes,9,0,0.02143
16,Willy,Adames,8,0,0.01905
16,Joey,Votto,8,0,0.01905
18,Manny,Machado,7,0,0.01667
19,Zack,Wheeler,6,0,0.01429
20,Adam,Wainwright,3,0,0.00714
21,Kevin,Gausman,1,0,0.00238
21,Buster,Posey,1,0,0.00238
21,LaMonte,Wade Jr.,1,0,0.00238
