﻿rank,first_name,last_name,vote_points,1st_place,mvp_share
1,Cody,Bellinger,362,19,0.86
2,Christian,Yelich,317,10,0.75
3,Anthony,Rendon,242,1,0.58
4,Ketel,Marte,198,0,0.47
5,Ronald,Acuna Jr.,155,0,0.37
6,Nolan,Arenado,120,0,0.29
7,Pete,Alonso,102,0,0.24
8,Freddie,Freeman,90,0,0.21
9,Juan,Soto,45,0,0.11
10,Jacob,deGrom,44,0,0.10
11,Josh,Donaldson,27,0,0.06
12,Trevor,Story,26,0,0.06
13,Jack,Flaherty,9,0,0.02
14,J.T.,Realmuto,8,0,0.02
15,Yasmani,Grandal,4,0,0.01
15,Max,Muncy,4,0,0.01
15,Stephen,Strasburg,4,0,0.01
15,Eugenio,Suarez,4,0,0.01
19,Hyun,Jin Ryu,3,0,0.01
20,Paul,Goldschmidt,2,0,0.00
20,Kolten,Wong,2,0,0.00
22,Kevin,Pillar,1,0,0.00
22,Max,Scherzer,1,0,0.00
