﻿rank,first_name,last_name,vote_points,1st_place,mvp_share
1,Freddie,Freeman,410,28,0.98
2,Mookie,Betts,268,2,0.64
3,Manny,Machado,221,0,0.53
4,Fernando,Tatis Jr.,201,0,0.48
5,Juan,Soto,172,0,0.41
6,Marcell,Ozuna,167,0,0.40
7,Trea,Turner,83,0,0.20
8,Mike,Yastrzemski,81,0,0.19
9,Corey,Seager,43,0,0.10
10,Trevor,Bauer,32,0,0.08
11,Trevor,Story,23,0,0.05
12,Ronald,Acuna Jr.,21,0,0.05
13,Dominic,Smith,16,0,0.04
14,Yu,Darvish,14,0,0.03
15,Paul,Goldschmidt,9,0,0.02
16,Brandon,Belt,2,0,0.00
16,Wil,Myers,2,0,0.00
18,Max,Fried,1,0,0.00
18,Ian,Happ,1,0,0.00
18,Dansby,Swanson,1,0,0.00
18,Ryan,Tepera,1,0,0.00
18,Devin,Williams,1,0,0.00
