﻿rank,first_name,last_name,vote_points,1st_place,mvp_share
1,Andrew,McCutchen,409,28,0.97
2,Paul,Goldschmidt,242,0,0.58
3,Yadier,Molina,219,2,0.52
4,Matt,Carpenter,194,0,0.46
5,Freddie,Freeman,154,0,0.37
6,Joey,Votto,149,0,0.35
7,Clayton,Kershaw,146,0,0.35
8,Hanley,Ramirez,58,0,0.14
9,Carlos,Gomez,43,0,0.10
10,Jay,Bruce,30,0,0.07
11,Craig,Kimbrel,27,0,0.06
12,Shin-Soo,Choo,23,0,0.05
13,Jayson,Werth,20,0,0.05
14,Andrelton,Simmons,14,0,0.03
15,Yasiel,Puig,10,0,0.02
16,Hunter,Pence,7,0,0.02
17,Troy,Tulowitzki,5,0,0.01
18,Allen,Craig,4,0,0.01
18,Adrian,Gonzalez,4,0,0.01
20,Michael,Cuddyer,3,0,0.01
20,Buster,Posey,3,0,0.01
20,Adam,Wainwright,3,0,0.01
23,Matt,Holliday,2,0,0.00
24,Russell,Martin,1,0,0.00
