﻿rank,first_name,last_name,vote_points,1st_place,mvp_share
1,Kris,Bryant,415,29,0.99
2,Daniel,Murphy,245,1,0.58
3,Corey,Seager,240,0,0.57
4,Anthony,Rizzo,202,0,0.48
5,Nolan,Arenado,199,0,0.47
6,Freddie,Freeman,129,0,0.31
7,Joey,Votto,100,0,0.24
8,Yoenis,Céspedes,45,0,0.11
9,Justin,Turner,44,0,0.10
10,Max,Scherzer,39,0,0.09
11,Paul,Goldschmidt,18,0,0.04
12,Brandon,Crawford,15,0,0.04
13,Jean,Segura,14,0,0.03
14,Buster,Posey,11,0,0.03
15,DJ,LeMahieu,8,0,0.02
16,Madison,Bumgarner,7,0,0.02
17,Jeurys,Familia,6,0,0.01
17,Wilson,Ramos,6,0,0.01
19,Addison,Russell,5,0,0.01
19,Noah,Syndergaard,5,0,0.01
19,Christian,Yelich,5,0,0.01
22,Yasmani,Grandal,4,0,0.01
23,Ryan,Braun,2,0,0.00
23,Kyle,Hendricks,2,0,0.00
23,Yadier,Molina,2,0,0.00
26,Charlie,Blackmon,1,0,0.00
26,Johnny,Cueto,1,0,0.00
