﻿rank,first_name,last_name,vote_points,1st_place,mvp_share
1,Ryan,Braun,388,20,0.87
2,Matt,Kemp,332,10,0.74
3,Prince,Fielder,229,1,0.51
4,Justin,Upton,214,1,0.48
5,Albert,Pujols,166,0,0.37
6,Joey,Votto,135,0,0.30
7,Lance,Berkman,118,0,0.26
8,Troy,Tulowitzki,69,0,0.15
9,Roy,Halladay,52,0,0.12
10,Ryan,Howard,39,0,0.09
11,Jose,Reyes,31,0,0.07
12,Clayton,Kershaw,29,0,0.06
13,Shane,Victorino,18,0,0.04
14,Ian,Kennedy,16,0,0.04
15,Cliff,Lee,12,0,0.03
16,Hunter,Pence,10,0,0.02
17,John,Axford,7,0,0.02
17,Pablo,Sandoval,7,0,0.02
19,Mike,Morse,5,0,0.01
20,Carlos,Beltran,3,0,0.01
21,Yadier,Molina,2,0,0.00
21,Miguel,Montero,2,0,0.00
23,Starlin,Castro,1,0,0.00
23,Craig,Kimbrel,1,0,0.00
23,Carlos,Ruiz,1,0,0.00
23,Giancarlo,Stanton,1,0,0.00
