,full_name,player_id,year,player_age,league,rank,vote_points,1st_place,mvp_share,Total_WAR,WAR_bat,WAR_pit,b_ab,b_total_pa,b_total_hits,b_single,b_double,b_triple,b_home_run,b_strikeout,b_walk,b_k_percent,b_bb_percent,batting_avg,slg_percent,on_base_percent,on_base_plus_slg
17,Mike Trout,545361.0,2013,22,AL,2.0,282.0,5.0,0.67,8.9,8.9,0.0,589,716,190,115,39,9,27,136,110,19.0,15.4,0.323,0.557,0.432,0.988
21,Clayton Kershaw,477132.0,2013,25,NL,7.0,146.0,0.0,0.35,8.59,0.49,8.1,77,92,14,10,3,0,1,24,5,26.1,5.4,0.182,0.26,0.217,0.477
48,Andrew McCutchen,457705.0,2013,27,NL,1.0,409.0,28.0,0.97,7.81,7.81,0.0,583,674,185,121,38,5,21,101,78,15.0,11.6,0.317,0.508,0.404,0.911
60,Carlos Gomez,460576.0,2013,28,NL,9.0,43.0,0.0,0.1,7.57,7.57,0.0,536,590,152,91,27,10,24,146,37,24.7,6.3,0.284,0.506,0.337,0.843
65,Miguel Cabrera,408234.0,2013,30,AL,1.0,385.0,23.0,0.92,7.49,7.49,0.0,555,652,193,122,26,1,44,94,90,14.4,13.8,0.348,0.636,0.442,1.078
86,Josh Donaldson,518626.0,2013,28,AL,4.0,222.0,1.0,0.53,7.24,7.24,0.0,579,668,174,110,37,3,24,110,76,16.5,11.4,0.301,0.499,0.383,0.882
98,Chris Davis,448801.0,2013,27,AL,3.0,232.0,1.0,0.55,7.05,7.05,0.0,584,673,167,71,42,1,53,199,72,29.6,10.7,0.286,0.634,0.37,1.004
127,Cliff Lee,424324.0,2013,35,NL,0.0,0.0,0.0,0.0,6.8100000000000005,0.23,6.58,60,72,11,9,1,1,0,25,2,34.7,2.8,0.183,0.233,0.181,0.414
142,Joey Votto,458015.0,2013,30,NL,6.0,149.0,0.0,0.35,6.64,6.64,0.0,581,726,177,120,30,3,24,138,135,19.0,18.6,0.305,0.491,0.435,0.926
144,Robinson Cano,429664.0,2013,31,AL,5.0,150.0,0.0,0.36,6.63,6.63,0.0,605,681,190,122,41,0,27,85,65,12.5,9.5,0.314,0.516,0.383,0.899
147,Matt Carpenter,572761.0,2013,28,NL,4.0,194.0,0.0,0.46,6.6,6.6,0.0,626,717,199,126,55,7,11,98,72,13.7,10.0,0.318,0.481,0.391,0.871
149,Jose Fernandez,605228.0,2013,21,NL,0.0,0.0,0.0,0.0,6.59,0.41,6.18,50,58,11,8,1,1,1,20,0,34.5,0.0,0.22,0.34,0.19,0.53
156,Adam Wainwright,425794.0,2013,32,NL,20.0,3.0,0.0,0.01,6.54,0.24,6.3,71,81,15,11,4,0,0,23,0,28.4,0.0,0.211,0.268,0.185,0.453
182,Paul Goldschmidt,502671.0,2013,26,NL,2.0,242.0,0.0,0.58,6.33,6.33,0.0,602,710,182,107,36,3,36,145,99,20.4,13.9,0.302,0.551,0.4,0.951
198,Yadier Molina,425877.0,2013,31,NL,3.0,219.0,2.0,0.52,6.17,6.17,0.0,505,541,161,105,44,0,12,55,30,10.2,5.5,0.319,0.477,0.359,0.836
207,Jhoulys Chacin,468504.0,2013,25,NL,0.0,0.0,0.0,0.0,6.08,0.24,5.84,63,70,12,10,1,0,1,15,3,21.4,4.3,0.19,0.254,0.214,0.468
212,Dustin Pedroia,456030.0,2013,30,AL,7.0,99.0,0.0,0.24,6.05,6.05,0.0,641,724,193,140,42,2,9,75,73,10.4,10.1,0.301,0.415,0.372,0.787
215,Shane Victorino,425664.0,2013,33,AL,22.0,1.0,0.0,0.0,6.02,6.02,0.0,477,532,140,97,26,2,15,75,25,14.1,4.7,0.294,0.451,0.344,0.795
236,Manny Machado,592518.0,2013,21,AL,9.0,57.0,0.0,0.14,5.86,5.86,0.0,667,710,189,121,51,3,14,113,29,15.9,4.1,0.283,0.432,0.31,0.742
238,Evan Longoria,446334.0,2013,28,AL,6.0,103.0,0.0,0.25,5.84,5.84,0.0,614,693,165,91,39,3,32,162,70,23.4,10.1,0.269,0.498,0.343,0.842
239,Andrelton Simmons,592743.0,2013,24,NL,14.0,14.0,0.0,0.03,5.84,5.84,0.0,606,658,150,100,27,6,17,55,40,8.4,6.1,0.248,0.396,0.293,0.689
253,Jacoby Ellsbury,453056.0,2013,30,AL,15.0,3.0,0.0,0.01,5.76,5.76,0.0,577,636,172,124,31,8,9,92,47,14.5,7.4,0.298,0.426,0.352,0.779
270,Adrian Beltre,134181.0,2013,34,AL,7.0,99.0,0.0,0.24,5.65,5.65,0.0,631,690,199,137,32,0,30,78,50,11.3,7.2,0.315,0.509,0.371,0.88
280,Zack Greinke,425844.0,2013,30,NL,0.0,0.0,0.0,0.0,5.59,1.28,4.31,58,72,19,16,3,0,0,10,7,13.9,9.7,0.328,0.379,0.375,0.754
291,Joe Mauer,408045.0,2013,30,AL,0.0,0.0,0.0,0.0,5.53,5.53,0.0,445,508,144,98,35,0,11,89,61,17.5,12.0,0.324,0.476,0.404,0.88
337,Gerardo Parra,467827.0,2013,26,NL,0.0,0.0,0.0,0.0,5.34,5.34,0.0,601,663,161,104,43,4,10,100,48,15.1,7.2,0.268,0.403,0.32,0.722
339,Buster Posey,457763.0,2013,26,NL,20.0,3.0,0.0,0.01,5.33,5.33,0.0,520,595,153,103,34,1,15,70,60,11.8,10.1,0.294,0.45,0.371,0.821
353,Freddie Freeman,518692.0,2013,24,NL,5.0,154.0,0.0,0.37,5.25,5.25,0.0,551,629,176,124,27,2,23,121,66,19.2,10.5,0.319,0.501,0.396,0.897
358,Jay Bruce,457803.0,2013,26,NL,10.0,30.0,0.0,0.07,5.24,5.24,0.0,626,697,164,90,43,1,30,185,63,26.5,9.0,0.262,0.478,0.329,0.806
359,Hanley Ramirez,434670.0,2013,30,NL,8.0,58.0,0.0,0.14,5.23,5.23,0.0,304,336,105,58,25,2,20,52,27,15.5,8.0,0.345,0.638,0.402,1.04
367,David Wright,431151.0,2013,31,NL,0.0,0.0,0.0,0.0,5.2,5.2,0.0,430,492,132,85,23,6,18,79,55,16.1,11.2,0.307,0.514,0.39,0.904
372,Ben Zobrist,450314.0,2013,32,AL,0.0,0.0,0.0,0.0,5.18,5.18,0.0,612,698,168,117,36,3,12,91,72,13.0,10.3,0.275,0.402,0.354,0.756
380,Carlos Gonzalez,471865.0,2013,28,NL,0.0,0.0,0.0,0.0,5.13,5.13,0.0,391,436,118,63,23,6,26,118,41,27.1,9.4,0.302,0.591,0.367,0.958
384,Travis Wood,475243.0,2013,26,NL,0.0,0.0,0.0,0.0,5.1000000000000005,0.65,4.45,63,67,14,10,1,0,3,21,3,31.3,4.5,0.222,0.381,0.254,0.635
401,Starling Marte,516782.0,2013,25,NL,0.0,0.0,0.0,0.0,5.05,5.05,0.0,510,566,143,95,26,10,12,138,25,24.4,4.4,0.28,0.441,0.339,0.78
405,Troy Tulowitzki,453064.0,2013,29,NL,17.0,5.0,0.0,0.01,5.04,5.04,0.0,446,512,139,87,27,0,25,85,57,16.6,11.1,0.312,0.54,0.391,0.931
415,Jason Kipnis,543401.0,2013,26,AL,11.0,31.0,0.0,0.07,4.99,4.99,0.0,564,658,160,103,36,4,17,143,76,21.7,11.6,0.284,0.452,0.363,0.815
416,Matt Harvey,518774.0,2013,24,NL,0.0,0.0,0.0,0.0,4.98,-0.34,5.32,58,64,5,3,2,0,0,27,1,42.2,1.6,0.086,0.121,0.094,0.214
420,Ian Kinsler,435079.0,2013,31,AL,0.0,0.0,0.0,0.0,4.97,4.97,0.0,545,614,151,105,31,2,13,59,51,9.6,8.3,0.277,0.413,0.342,0.755
424,Colby Rasmus,458675.0,2013,27,AL,0.0,0.0,0.0,0.0,4.96,4.96,0.0,417,458,115,66,26,1,22,135,37,29.5,8.1,0.276,0.501,0.338,0.84
481,Adam Jones,430945.0,2013,28,AL,13.0,9.0,0.0,0.02,4.75,4.75,0.0,653,689,186,117,35,1,33,136,25,19.7,3.6,0.285,0.493,0.318,0.811
491,Yasiel Puig,624577.0,2013,23,NL,15.0,10.0,0.0,0.02,4.7,4.7,0.0,382,432,122,80,21,2,19,97,36,22.5,8.3,0.319,0.534,0.391,0.925
507,Jayson Werth,150029.0,2013,34,NL,13.0,20.0,0.0,0.05,4.64,4.64,0.0,462,532,147,98,24,0,25,101,60,19.0,11.3,0.318,0.532,0.398,0.931
511,Shin-Soo Choo,425783.0,2013,31,NL,12.0,23.0,0.0,0.05,4.63,4.63,0.0,569,712,162,105,34,2,21,133,112,18.7,15.7,0.285,0.462,0.421,0.884
549,Jose Bautista,430832.0,2013,33,AL,0.0,0.0,0.0,0.0,4.49,4.49,0.0,452,528,117,65,24,0,28,84,69,15.9,13.1,0.259,0.498,0.358,0.856
578,Ian Desmond,435622.0,2013,28,NL,0.0,0.0,0.0,0.0,4.42,4.42,0.0,600,655,168,107,38,3,20,145,43,22.1,6.6,0.28,0.453,0.33,0.783
580,David Ortiz,120074.0,2013,38,AL,10.0,47.0,0.0,0.11,4.42,4.42,0.0,518,600,160,90,38,2,30,88,76,14.7,12.7,0.309,0.564,0.395,0.959
600,Carlos Santana,467793.0,2013,27,AL,15.0,3.0,0.0,0.01,4.36,4.36,0.0,541,642,145,85,39,1,20,110,93,17.1,14.5,0.268,0.455,0.377,0.832
639,Brett Gardner,458731.0,2013,30,AL,0.0,0.0,0.0,0.0,4.21,4.21,0.0,539,609,147,96,33,10,8,127,52,20.9,8.5,0.273,0.416,0.34,0.755
650,Chris Denorfia,456121.0,2013,33,NL,0.0,0.0,0.0,0.0,4.18,4.18,0.0,473,520,132,99,21,2,10,84,42,16.2,8.1,0.279,0.395,0.337,0.732
651,Jason Castro,488771.0,2013,26,AL,0.0,0.0,0.0,0.0,4.18,4.18,0.0,435,491,120,66,35,1,18,130,50,26.5,10.2,0.276,0.485,0.35,0.835
656,Salvador Perez,521692.0,2013,23,AL,22.0,1.0,0.0,0.0,4.17,4.17,0.0,496,526,145,104,25,3,13,63,21,12.0,4.0,0.292,0.433,0.323,0.757
666,Yan Gomes,543228.0,2013,26,AL,0.0,0.0,0.0,0.0,4.15,4.15,0.0,293,322,86,55,18,2,11,67,18,20.8,5.6,0.294,0.481,0.345,0.826
681,Cole Hamels,430935.0,2013,30,NL,0.0,0.0,0.0,0.0,4.13,0.13,4.0,56,71,10,8,1,1,0,24,1,33.8,1.4,0.179,0.232,0.169,0.401
682,Alex Gordon,460086.0,2013,29,AL,0.0,0.0,0.0,0.0,4.13,4.13,0.0,633,700,168,115,27,6,20,141,52,20.1,7.4,0.265,0.422,0.327,0.749
690,Russell Martin,431145.0,2013,30,NL,24.0,1.0,0.0,0.0,4.11,4.11,0.0,438,506,99,63,21,0,15,108,58,21.3,11.5,0.226,0.377,0.326,0.703
706,Edwin Encarnacion,429665.0,2013,30,AL,14.0,7.0,0.0,0.02,4.08,4.08,0.0,530,621,144,78,29,1,36,62,82,10.0,13.2,0.272,0.534,0.37,0.904
712,Jean Segura,516416.0,2013,23,NL,0.0,0.0,0.0,0.0,4.07,4.07,0.0,588,623,173,131,20,10,12,84,25,13.5,4.0,0.294,0.423,0.327,0.751
715,Madison Bumgarner,518516.0,2013,24,NL,0.0,0.0,0.0,0.0,4.06,0.02,4.04,56,69,6,6,0,0,0,30,5,43.5,7.2,0.107,0.107,0.159,0.267
716,Brandon Belt,474832.0,2013,25,NL,0.0,0.0,0.0,0.0,4.06,4.06,0.0,509,571,147,87,39,4,17,125,52,21.9,9.1,0.289,0.481,0.359,0.84
746,Welington Castillo,456078.0,2013,26,NL,0.0,0.0,0.0,0.0,3.98,3.98,0.0,380,428,104,73,23,0,8,97,34,22.7,7.9,0.274,0.397,0.348,0.745
760,Kyle Seager,572122.0,2013,26,AL,0.0,0.0,0.0,0.0,3.94,3.94,0.0,615,695,160,104,32,2,22,122,68,17.6,9.8,0.26,0.426,0.338,0.764
763,Tyler Chatwood,543022.0,2013,24,NL,0.0,0.0,0.0,0.0,3.94,0.42,3.52,40,45,12,11,1,0,0,8,2,17.8,4.4,0.3,0.325,0.311,0.636
804,Marlon Byrd,407781.0,2013,36,NL,0.0,0.0,0.0,0.0,3.86,3.86,0.0,532,579,155,91,35,5,24,144,31,24.9,5.4,0.291,0.511,0.335,0.846
807,Jorge De La Rosa,407822.0,2013,32,NL,0.0,0.0,0.0,0.0,3.8499999999999996,-0.58,4.43,52,59,2,2,0,0,0,21,2,35.6,3.4,0.038,0.038,0.068,0.106
823,Coco Crisp,424825.0,2013,34,AL,15.0,3.0,0.0,0.01,3.82,3.82,0.0,513,584,134,87,22,3,22,65,61,11.1,10.4,0.261,0.444,0.334,0.778
841,Adrian Gonzalez,408236.0,2013,31,NL,18.0,4.0,0.0,0.01,3.79,3.79,0.0,583,641,171,117,32,0,22,98,47,15.3,7.3,0.293,0.461,0.342,0.803
850,Hunter Pence,452254.0,2013,30,NL,16.0,7.0,0.0,0.02,3.76,3.76,0.0,629,687,178,111,35,5,27,115,52,16.7,7.6,0.283,0.483,0.339,0.822
861,Mike Napoli,435063.0,2013,32,AL,0.0,0.0,0.0,0.0,3.74,3.74,0.0,498,578,129,66,38,2,23,187,73,32.4,12.6,0.259,0.482,0.36,0.842
868,Bryce Harper,547180.0,2013,21,NL,0.0,0.0,0.0,0.0,3.73,3.73,0.0,424,497,116,69,24,3,20,94,61,18.9,12.3,0.274,0.486,0.366,0.852
900,Nick Swisher,430897.0,2013,33,AL,0.0,0.0,0.0,0.0,3.66,3.66,0.0,549,634,135,84,27,2,22,138,77,21.8,12.1,0.246,0.423,0.341,0.763
913,C.J. Wilson,450351.0,2013,33,AL,0.0,0.0,0.0,0.0,3.63,0.13,3.5,8,11,1,1,0,0,0,5,1,45.5,9.1,0.125,0.125,0.182,0.307
916,Juan Uribe,346874.0,2013,34,NL,0.0,0.0,0.0,0.0,3.62,3.62,0.0,388,426,108,72,22,2,12,81,30,19.0,7.0,0.278,0.438,0.329,0.767
927,Howie Kendrick,435062.0,2013,30,AL,0.0,0.0,0.0,0.0,3.6,3.6,0.0,478,513,142,104,21,4,13,89,23,17.3,4.5,0.297,0.439,0.333,0.773
928,Chase Utley,400284.0,2013,35,NL,0.0,0.0,0.0,0.0,3.59,3.59,0.0,476,531,135,86,25,6,18,79,45,14.9,8.5,0.284,0.475,0.348,0.823
931,Jason Heyward,518792.0,2013,24,NL,0.0,0.0,0.0,0.0,3.59,3.59,0.0,382,440,97,60,22,1,14,73,48,16.6,10.9,0.254,0.427,0.348,0.774
937,J.J. Hardy,429666.0,2013,31,AL,0.0,0.0,0.0,0.0,3.58,3.58,0.0,601,644,158,106,27,0,25,73,38,11.3,5.9,0.263,0.433,0.304,0.737
955,Craig Gentry,502226.0,2013,30,AL,0.0,0.0,0.0,0.0,3.54,3.54,0.0,246,287,69,51,12,4,2,46,29,16.0,10.1,0.28,0.386,0.369,0.756
979,Leonys Martin,547982.0,2013,25,AL,0.0,0.0,0.0,0.0,3.51,3.51,0.0,457,508,119,84,21,6,8,104,28,20.5,5.5,0.26,0.385,0.305,0.69
990,Austin Jackson,457706.0,2013,26,AL,0.0,0.0,0.0,0.0,3.49,3.49,0.0,552,614,150,101,30,7,12,129,52,21.0,8.5,0.272,0.417,0.336,0.752
1000,Will Venable,461416.0,2013,31,NL,0.0,0.0,0.0,0.0,3.48,3.48,0.0,481,515,129,77,22,8,22,118,29,22.9,5.6,0.268,0.484,0.311,0.795
1029,Jordan Zimmermann,519455.0,2013,27,NL,0.0,0.0,0.0,0.0,3.43,-0.11,3.54,65,73,8,7,1,0,0,20,1,27.4,1.4,0.123,0.138,0.123,0.262
1040,Ryan Zimmerman,475582.0,2013,29,NL,0.0,0.0,0.0,0.0,3.42,3.42,0.0,568,633,156,102,26,2,26,133,60,21.0,9.5,0.275,0.465,0.344,0.809
1042,Chase Headley,452104.0,2013,29,NL,0.0,0.0,0.0,0.0,3.41,3.41,0.0,520,600,130,80,35,2,13,142,67,23.7,11.2,0.25,0.4,0.347,0.747
1048,Elvis Andrus,462101.0,2013,25,AL,0.0,0.0,0.0,0.0,3.41,3.41,0.0,620,698,168,143,17,4,4,97,52,13.9,7.4,0.271,0.331,0.321,0.652
1050,Juan Lagares,501571.0,2013,24,NL,0.0,0.0,0.0,0.0,3.4,3.4,0.0,392,421,95,65,21,5,4,96,20,22.8,4.8,0.242,0.352,0.278,0.63
1069,Shelby Miller,571946.0,2013,23,NL,0.0,0.0,0.0,0.0,3.3699999999999997,-0.14,3.51,53,63,4,2,1,0,1,29,1,46.0,1.6,0.075,0.151,0.095,0.246
1077,Yunel Escobar,488862.0,2013,31,AL,0.0,0.0,0.0,0.0,3.36,3.36,0.0,508,578,130,93,27,1,9,73,57,12.6,9.9,0.256,0.366,0.329,0.695
1080,Julio Teheran,527054.0,2013,22,NL,0.0,0.0,0.0,0.0,3.35,0.5,2.85,58,65,13,10,3,0,0,16,2,24.6,3.1,0.224,0.276,0.231,0.507
1083,Eric Hosmer,543333.0,2013,24,AL,0.0,0.0,0.0,0.0,3.35,3.35,0.0,623,680,188,134,34,3,17,100,51,14.7,7.5,0.302,0.448,0.353,0.801
1105,Pedro Alvarez,476883.0,2013,26,NL,0.0,0.0,0.0,0.0,3.31,3.31,0.0,558,614,130,70,22,2,36,186,48,30.3,7.8,0.233,0.473,0.296,0.77
1153,Mat Latos,502009.0,2013,26,NL,0.0,0.0,0.0,0.0,3.21,-0.15,3.36,71,78,9,7,2,0,0,28,1,35.9,1.3,0.127,0.155,0.128,0.283
1179,Domonic Brown,502126.0,2013,26,NL,0.0,0.0,0.0,0.0,3.17,3.17,0.0,496,540,135,83,21,4,27,97,39,18.0,7.2,0.272,0.494,0.324,0.818
1200,Lorenzo Cain,456715.0,2013,27,AL,0.0,0.0,0.0,0.0,3.13,3.13,0.0,399,442,100,72,21,3,4,90,33,20.4,7.5,0.251,0.348,0.31,0.658
1218,Patrick Corbin,571578.0,2013,24,NL,0.0,0.0,0.0,0.0,3.0999999999999996,0.09,3.01,65,73,8,4,4,0,0,23,2,31.5,2.7,0.123,0.185,0.151,0.335
1221,Desmond Jennings,457775.0,2013,27,AL,0.0,0.0,0.0,0.0,3.09,3.09,0.0,527,602,133,82,31,6,14,115,64,19.1,10.6,0.252,0.414,0.332,0.746
1224,Mark Ellis,407885.0,2013,36,NL,0.0,0.0,0.0,0.0,3.09,3.09,0.0,433,480,117,96,13,2,6,74,26,15.4,5.4,0.27,0.351,0.319,0.67
1230,Mike Minor,501985.0,2013,26,NL,0.0,0.0,0.0,0.0,3.08,0.2,2.88,61,70,10,8,1,0,1,25,2,35.7,2.9,0.164,0.23,0.171,0.401
1238,Andrew Cashner,488768.0,2013,27,NL,0.0,0.0,0.0,0.0,3.07,0.67,2.4,53,60,13,11,1,0,1,25,1,41.7,1.7,0.245,0.321,0.233,0.554
1244,Denard Span,452655.0,2013,29,NL,0.0,0.0,0.0,0.0,3.05,3.05,0.0,610,662,170,127,28,11,4,77,42,11.6,6.3,0.279,0.38,0.323,0.704
1251,Kris Medlen,450665.0,2013,28,NL,0.0,0.0,0.0,0.0,3.04,0.35,2.69,55,67,9,6,2,0,1,23,4,34.3,6.0,0.164,0.255,0.194,0.449
1272,Jhonny Peralta,425509.0,2013,31,AL,0.0,0.0,0.0,0.0,3.02,3.02,0.0,409,448,124,83,30,0,11,98,35,21.9,7.8,0.303,0.457,0.357,0.814
1281,Stephen Strasburg,544931.0,2013,25,NL,0.0,0.0,0.0,0.0,3.0,0.07,2.93,49,61,7,5,2,0,0,23,2,37.7,3.3,0.143,0.184,0.148,0.331
1297,Michael Brantley,488726.0,2013,26,AL,0.0,0.0,0.0,0.0,2.98,2.98,0.0,556,611,158,119,26,3,10,67,40,11.0,6.5,0.284,0.396,0.331,0.726
1299,Neil Walker,435522.0,2013,28,NL,0.0,0.0,0.0,0.0,2.98,2.98,0.0,478,551,120,76,24,4,16,85,50,15.4,9.1,0.251,0.418,0.336,0.754
1315,Martin Prado,445988.0,2013,30,NL,0.0,0.0,0.0,0.0,2.96,2.96,0.0,609,664,172,120,36,2,14,53,47,8.0,7.1,0.282,0.417,0.333,0.75
1345,Andre Ethier,444843.0,2013,31,NL,0.0,0.0,0.0,0.0,2.92,2.92,0.0,482,553,131,84,33,2,12,95,61,17.2,11.0,0.272,0.423,0.36,0.783
1347,Francisco Liriano,434538.0,2013,30,NL,0.0,0.0,0.0,0.0,2.91,-0.34,3.25,47,56,3,3,0,0,0,18,4,32.1,7.1,0.064,0.064,0.125,0.189
1349,Everth Cabrera,465784.0,2013,27,NL,0.0,0.0,0.0,0.0,2.91,2.91,0.0,381,435,108,84,15,5,4,69,41,15.9,9.4,0.283,0.381,0.347,0.728
1354,Joe Kelly,523260.0,2013,25,NL,0.0,0.0,0.0,0.0,2.9,-0.04,2.94,33,40,5,4,1,0,0,8,0,20.0,0.0,0.152,0.182,0.15,0.332
1355,Todd Frazier,453943.0,2013,27,NL,0.0,0.0,0.0,0.0,2.9,2.9,0.0,531,600,124,73,29,3,19,125,50,20.8,8.3,0.234,0.407,0.313,0.72
1364,Homer Bailey,456701.0,2013,27,NL,0.0,0.0,0.0,0.0,2.89,0.06,2.83,58,73,9,8,1,0,0,18,3,24.7,4.1,0.155,0.172,0.178,0.35
1365,Jarrod Saltalamacchia,457454.0,2013,28,AL,0.0,0.0,0.0,0.0,2.89,2.89,0.0,425,470,116,62,40,0,14,139,43,29.6,9.1,0.273,0.466,0.338,0.804
1377,Mike Leake,502190.0,2013,26,NL,0.0,0.0,0.0,0.0,2.87,0.25,2.62,63,69,12,9,2,1,0,19,2,27.5,2.9,0.19,0.254,0.203,0.457
1383,Jonathan Lucroy,518960.0,2013,27,NL,0.0,0.0,0.0,0.0,2.86,2.86,0.0,521,580,146,97,25,6,18,69,46,11.9,7.9,0.28,0.455,0.34,0.795
1388,Kendrys Morales,434778.0,2013,30,AL,0.0,0.0,0.0,0.0,2.86,2.86,0.0,602,657,167,110,34,0,23,114,49,17.4,7.5,0.277,0.449,0.336,0.785
1398,Kyle Lohse,346798.0,2013,35,NL,0.0,0.0,0.0,0.0,2.85,-0.14,2.99,55,68,8,8,0,0,0,29,1,42.6,1.5,0.145,0.145,0.132,0.278
1399,Daniel Nava,537953.0,2013,30,AL,0.0,0.0,0.0,0.0,2.85,2.85,0.0,458,536,139,98,29,0,12,93,51,17.4,9.5,0.303,0.445,0.382,0.828
1430,Justin Upton,457708.0,2013,26,NL,0.0,0.0,0.0,0.0,2.8,2.8,0.0,558,643,147,91,27,2,27,161,75,25.0,11.7,0.263,0.464,0.353,0.817
1452,Brian McCann,435263.0,2013,29,NL,0.0,0.0,0.0,0.0,2.78,2.78,0.0,356,402,91,58,13,0,20,66,39,16.4,9.7,0.256,0.461,0.336,0.796
1470,Giancarlo Stanton,519317.0,2013,24,NL,0.0,0.0,0.0,0.0,2.76,2.76,0.0,425,504,106,56,26,0,24,140,74,27.8,14.7,0.249,0.48,0.365,0.845
1480,Josh Reddick,502210.0,2013,26,AL,0.0,0.0,0.0,0.0,2.75,2.75,0.0,385,441,87,54,19,2,12,86,46,19.5,10.4,0.226,0.379,0.306,0.685
1512,Allen Craig,501800.0,2013,29,NL,18.0,4.0,0.0,0.01,2.7,2.7,0.0,508,563,160,116,29,2,13,100,40,17.8,7.1,0.315,0.457,0.373,0.83
1548,Stephen Drew,452220.0,2013,30,AL,0.0,0.0,0.0,0.0,2.65,2.65,0.0,442,501,112,62,29,8,13,124,54,24.8,10.8,0.253,0.443,0.333,0.777
1551,Omar Infante,408299.0,2013,32,AL,0.0,0.0,0.0,0.0,2.64,2.64,0.0,453,476,144,107,24,3,10,44,20,9.2,4.2,0.318,0.45,0.345,0.795
1557,Brandon Moss,461235.0,2013,30,AL,0.0,0.0,0.0,0.0,2.63,2.63,0.0,446,505,114,58,23,3,30,140,50,27.7,9.9,0.256,0.522,0.337,0.859
1564,Brett Lawrie,543434.0,2013,23,AL,0.0,0.0,0.0,0.0,2.63,2.63,0.0,401,442,102,70,18,3,11,68,30,15.4,6.8,0.254,0.397,0.314,0.711
1582,Torii Hunter,116338.0,2013,38,AL,19.0,2.0,0.0,0.0,2.6,2.6,0.0,606,652,184,125,37,5,17,113,26,17.3,4.0,0.304,0.465,0.333,0.798
1592,Jose Reyes,408314.0,2013,30,AL,0.0,0.0,0.0,0.0,2.59,2.59,0.0,382,419,113,83,20,0,10,47,34,11.2,8.1,0.296,0.427,0.353,0.78
1614,Matt Holliday,407812.0,2013,33,NL,23.0,2.0,0.0,0.0,2.57,2.57,0.0,520,602,156,102,31,1,22,86,69,14.3,11.5,0.3,0.49,0.389,0.879
1617,Gregor Blanco,453923.0,2013,30,NL,0.0,0.0,0.0,0.0,2.57,2.57,0.0,452,511,120,94,17,6,3,95,52,18.6,10.2,0.265,0.35,0.339,0.688
1638,Wilson Ramos,467092.0,2013,26,NL,0.0,0.0,0.0,0.0,2.54,2.54,0.0,287,303,78,53,9,0,16,42,15,13.9,5.0,0.272,0.47,0.307,0.777
1643,James Loney,425766.0,2013,29,AL,0.0,0.0,0.0,0.0,2.53,2.53,0.0,549,598,164,118,33,0,13,77,44,12.9,7.4,0.299,0.43,0.348,0.778
1654,Gio Gonzalez,461829.0,2013,28,NL,0.0,0.0,0.0,0.0,2.5100000000000002,-0.23,2.74,56,66,5,3,1,0,1,16,1,24.2,1.5,0.089,0.161,0.106,0.267
1659,Daniel Murphy,502517.0,2013,28,NL,0.0,0.0,0.0,0.0,2.51,2.51,0.0,658,697,188,133,38,4,13,95,32,13.6,4.6,0.286,0.415,0.319,0.733
1676,A.J. Ellis,454560.0,2013,32,NL,0.0,0.0,0.0,0.0,2.5,2.5,0.0,390,448,93,65,17,1,10,78,45,17.4,10.0,0.238,0.364,0.315,0.679
1687,Jedd Gyorko,576397.0,2013,25,NL,0.0,0.0,0.0,0.0,2.48,2.48,0.0,486,525,121,72,26,0,23,123,33,23.4,6.3,0.249,0.444,0.301,0.745
1691,Nolan Arenado,571448.0,2013,22,NL,0.0,0.0,0.0,0.0,2.48,2.48,0.0,486,514,130,87,29,4,10,72,23,14.0,4.5,0.267,0.405,0.3,0.705
1696,Chris Johnson,453400.0,2013,29,NL,0.0,0.0,0.0,0.0,2.47,2.47,0.0,514,547,165,119,34,0,12,116,29,21.2,5.3,0.321,0.457,0.358,0.816
1703,Dillon Gee,518716.0,2013,27,NL,0.0,0.0,0.0,0.0,2.46,0.03,2.43,60,71,8,7,0,1,0,30,3,42.3,4.2,0.133,0.167,0.155,0.322
1705,Anthony Rizzo,519203.0,2013,24,NL,0.0,0.0,0.0,0.0,2.46,2.46,0.0,606,690,141,76,40,2,23,127,76,18.4,11.0,0.233,0.419,0.323,0.742
1733,Alexei Ramirez,493351.0,2013,32,AL,0.0,0.0,0.0,0.0,2.43,2.43,0.0,637,674,181,134,39,2,6,68,26,10.1,3.9,0.284,0.38,0.312,0.691
1749,Brian Dozier,572821.0,2013,26,AL,0.0,0.0,0.0,0.0,2.42,2.42,0.0,558,623,136,81,33,4,18,120,51,19.3,8.2,0.244,0.414,0.31,0.724
1768,David Lough,518953.0,2013,27,AL,0.0,0.0,0.0,0.0,2.4,2.4,0.0,315,335,90,64,17,4,5,52,10,15.5,3.0,0.286,0.413,0.307,0.72
1775,Brandon Crawford,543063.0,2013,26,NL,0.0,0.0,0.0,0.0,2.39,2.39,0.0,499,550,124,88,24,3,9,96,42,17.5,7.6,0.248,0.363,0.311,0.674
1779,Ryan Raburn,430605.0,2013,32,AL,0.0,0.0,0.0,0.0,2.3899999999999997,2.36,0.03,243,277,66,32,18,0,16,67,29,24.2,10.5,0.272,0.543,0.357,0.901
1799,Tony Cingrani,571561.0,2013,24,NL,0.0,0.0,0.0,0.0,2.36,0.32,2.04,28,35,7,6,1,0,0,9,0,25.7,0.0,0.25,0.286,0.2,0.486
1808,Matt Dominguez,518625.0,2013,24,AL,0.0,0.0,0.0,0.0,2.35,2.35,0.0,543,589,131,85,25,0,21,96,30,16.3,5.1,0.241,0.403,0.285,0.689
1827,Cody Ross,425496.0,2013,33,NL,0.0,0.0,0.0,0.0,2.34,2.34,0.0,317,351,88,62,17,1,8,50,25,14.2,7.1,0.278,0.413,0.33,0.744
1840,Carlos Beltran,136860.0,2013,36,NL,0.0,0.0,0.0,0.0,2.33,2.33,0.0,554,600,164,107,30,3,24,90,38,15.0,6.3,0.296,0.491,0.338,0.829
1841,Michael Bourn,456422.0,2013,31,AL,0.0,0.0,0.0,0.0,2.33,2.33,0.0,525,575,138,105,21,6,6,132,40,23.0,7.0,0.263,0.36,0.313,0.673
1878,Nick Franklin,545338.0,2013,22,AL,0.0,0.0,0.0,0.0,2.29,2.29,0.0,369,412,83,50,20,1,12,113,42,27.4,10.2,0.225,0.382,0.303,0.686
1906,Henderson Alvarez III,506693.0,2013,23,NL,0.0,0.0,0.0,0.0,2.25,0.46,1.79,30,35,9,5,3,0,1,12,0,34.3,0.0,0.3,0.5,0.257,0.757
1936,Prince Fielder,425902.0,2013,29,AL,0.0,0.0,0.0,0.0,2.22,2.22,0.0,624,712,174,113,36,0,25,117,75,16.4,10.5,0.279,0.457,0.362,0.819
1963,Jed Lowrie,476704.0,2013,29,AL,0.0,0.0,0.0,0.0,2.2,2.2,0.0,603,662,175,113,45,2,15,91,50,13.7,7.6,0.29,0.446,0.343,0.789
1978,Marco Scutaro,340192.0,2013,38,NL,0.0,0.0,0.0,0.0,2.18,2.18,0.0,488,547,145,117,23,3,2,34,45,6.2,8.2,0.297,0.369,0.351,0.72
1980,Wil Myers,571976.0,2013,23,AL,0.0,0.0,0.0,0.0,2.18,2.18,0.0,335,373,98,62,23,0,13,91,33,24.4,8.8,0.293,0.478,0.354,0.831
1992,Wilin Rosario,501647.0,2013,24,NL,0.0,0.0,0.0,0.0,2.16,2.16,0.0,449,466,131,87,22,1,21,109,15,23.4,3.2,0.292,0.486,0.315,0.801
1995,Kevin Correia,429781.0,2013,33,AL,0.0,0.0,0.0,0.0,2.16,-0.15,2.31,7,10,0,0,0,0,0,5,0,50.0,0.0,0.0,0.0,0.0,0.0
2018,Ichiro Suzuki,400085.0,2013,40,AL,0.0,0.0,0.0,0.0,2.14,2.14,0.0,520,555,136,111,15,3,7,63,26,11.4,4.7,0.262,0.342,0.294,0.636
2035,Brad Miller,543543.0,2013,24,AL,0.0,0.0,0.0,0.0,2.12,2.12,0.0,306,335,81,56,11,6,8,52,24,15.5,7.2,0.265,0.418,0.316,0.735
2052,Pablo Sandoval,467055.0,2013,27,NL,0.0,0.0,0.0,0.0,2.1,2.1,0.0,525,584,146,103,27,2,14,79,47,13.5,8.0,0.278,0.417,0.341,0.758
2058,Tanner Roark,543699.0,2013,27,NL,0.0,0.0,0.0,0.0,2.09,0.08,2.01,14,15,4,3,1,0,0,5,0,33.3,0.0,0.286,0.357,0.267,0.624
2064,Michael Cuddyer,150212.0,2013,34,NL,20.0,3.0,0.0,0.01,2.09,2.09,0.0,489,540,162,108,31,3,20,100,46,18.5,8.5,0.331,0.53,0.389,0.919
2067,Nelson Cruz,443558.0,2013,33,AL,0.0,0.0,0.0,0.0,2.09,2.09,0.0,413,456,110,65,18,0,27,109,35,23.9,7.7,0.266,0.506,0.327,0.833
2075,Alfonso Soriano,150093.0,2013,37,AL,0.0,0.0,0.0,0.0,2.08,2.08,0.0,581,626,148,81,32,1,34,156,36,24.9,5.8,0.255,0.489,0.302,0.791
2103,Carlos Quentin,435041.0,2013,31,NL,0.0,0.0,0.0,0.0,2.06,2.06,0.0,276,320,76,42,21,0,13,55,31,17.2,9.7,0.275,0.493,0.363,0.855
2154,Derek Norris,519083.0,2013,24,AL,0.0,0.0,0.0,0.0,2.01,2.01,0.0,264,308,65,40,16,0,9,71,37,23.1,12.0,0.246,0.409,0.344,0.753
2165,Dexter Fowler,451594.0,2013,27,NL,0.0,0.0,0.0,0.0,2.0,2.0,0.0,415,492,109,76,18,3,12,105,65,21.3,13.2,0.263,0.407,0.366,0.773
2169,Adam Lind,452252.0,2013,30,AL,0.0,0.0,0.0,0.0,2.0,2.0,0.0,465,521,134,84,26,1,23,103,51,19.8,9.8,0.288,0.497,0.357,0.854
2202,Nick Punto,346857.0,2013,36,NL,0.0,0.0,0.0,0.0,1.96,1.96,0.0,294,335,75,58,15,0,2,67,33,20.0,9.9,0.255,0.327,0.322,0.649
2217,Nathan Eovaldi,543135.0,2013,23,NL,0.0,0.0,0.0,0.0,1.94,-0.14,2.08,31,35,2,2,0,0,0,17,1,48.6,2.9,0.065,0.065,0.086,0.15
2236,Lance Lynn,458681.0,2013,26,NL,0.0,0.0,0.0,0.0,1.92,-0.19,2.11,54,69,4,4,0,0,0,30,4,43.5,5.8,0.074,0.074,0.116,0.19
2269,Nate McLouth,434661.0,2013,32,AL,0.0,0.0,0.0,0.0,1.88,1.88,0.0,531,593,137,90,31,4,12,86,53,14.5,8.9,0.258,0.399,0.327,0.726
2280,Dioner Navarro,425900.0,2013,29,NL,0.0,0.0,0.0,0.0,1.88,1.88,0.0,240,266,72,52,7,0,13,36,23,13.5,8.6,0.3,0.492,0.365,0.856
2356,David DeJesus,430203.0,2013,34,NL,0.0,0.0,0.0,0.0,1.81,1.81,0.0,391,439,98,58,29,3,8,79,39,18.0,8.9,0.251,0.402,0.326,0.727
2376,A.J. Pierzynski,150229.0,2013,37,AL,0.0,0.0,0.0,0.0,1.78,1.78,0.0,503,529,137,95,24,1,17,76,11,14.4,2.1,0.272,0.425,0.297,0.722
2388,Michael Wacha,608379.0,2013,22,NL,0.0,0.0,0.0,0.0,1.78,-0.08,1.86,21,22,3,3,0,0,0,10,0,45.5,0.0,0.143,0.143,0.136,0.279
2444,Brandon Phillips,408252.0,2013,32,NL,0.0,0.0,0.0,0.0,1.74,1.74,0.0,606,666,158,114,24,2,18,98,39,14.7,5.9,0.261,0.396,0.308,0.704
2457,Chris Iannetta,455104.0,2013,30,AL,0.0,0.0,0.0,0.0,1.73,1.73,0.0,325,399,73,47,15,0,11,100,68,25.1,17.0,0.225,0.372,0.358,0.731
2459,Mark Trumbo,444432.0,2013,27,AL,0.0,0.0,0.0,0.0,1.73,1.73,0.0,620,678,145,79,30,2,34,184,54,27.1,8.0,0.234,0.453,0.294,0.747
2487,Cliff Pennington,460060.0,2013,29,NL,0.0,0.0,0.0,0.0,1.71,1.71,0.0,269,299,65,50,13,1,1,54,26,18.1,8.7,0.242,0.309,0.308,0.616
2498,Ryan Braun,460075.0,2013,30,NL,0.0,0.0,0.0,0.0,1.69,1.69,0.0,225,253,67,42,14,2,9,56,27,22.1,10.7,0.298,0.498,0.372,0.869
2512,Matt Garza,490063.0,2013,30,NL,0.0,0.0,0.0,0.0,1.69,0.14,1.55,18,20,4,3,1,0,0,9,0,45.0,0.0,0.222,0.278,0.25,0.528
2524,Tyler Thornburg,592804.0,2013,25,NL,0.0,0.0,0.0,0.0,1.6700000000000002,-0.18,1.85,16,18,0,0,0,0,0,8,0,44.4,0.0,0.0,0.0,0.0,0.0
2528,Nate Schierholtz,435625.0,2013,29,NL,0.0,0.0,0.0,0.0,1.67,1.67,0.0,462,503,116,60,32,3,21,94,29,18.7,5.8,0.251,0.47,0.3,0.77
2531,Matt Joyce,459964.0,2013,29,AL,0.0,0.0,0.0,0.0,1.67,1.67,0.0,413,481,97,57,22,0,18,87,59,18.1,12.3,0.235,0.419,0.328,0.747
2535,Bronson Arroyo,276520.0,2013,36,NL,0.0,0.0,0.0,0.0,1.66,-0.53,2.19,59,75,4,4,0,0,0,26,0,34.7,0.0,0.068,0.068,0.053,0.121
2536,Jose Iglesias,578428.0,2013,23,AL,0.0,0.0,0.0,0.0,1.66,1.66,0.0,350,382,106,85,16,2,3,60,15,15.7,3.9,0.303,0.386,0.346,0.731
2594,Albert Pujols,405395.0,2013,33,AL,0.0,0.0,0.0,0.0,1.61,1.61,0.0,391,443,101,65,19,0,17,55,40,12.4,9.0,0.258,0.437,0.33,0.767
2604,A.J. Burnett,150359.0,2013,36,NL,0.0,0.0,0.0,0.0,1.6099999999999999,-0.39,2.0,59,67,4,4,0,0,0,33,2,49.3,3.0,0.068,0.068,0.09,0.157
2640,Ricky Nolasco,445060.0,2013,31,NL,0.0,0.0,0.0,0.0,1.58,0.28,1.3,50,64,6,4,2,0,0,24,6,37.5,9.4,0.12,0.16,0.188,0.348
2642,Jonny Gomes,430404.0,2013,33,AL,0.0,0.0,0.0,0.0,1.58,1.58,0.0,312,366,77,47,17,0,13,89,43,24.3,11.7,0.247,0.426,0.344,0.771
2660,Christian Yelich,592885.0,2013,22,NL,0.0,0.0,0.0,0.0,1.57,1.57,0.0,240,273,69,52,12,1,4,66,31,24.2,11.4,0.288,0.396,0.37,0.766
2673,Gerrit Cole,543037.0,2013,23,NL,0.0,0.0,0.0,0.0,1.5599999999999998,0.15,1.41,34,36,7,7,0,0,0,14,1,38.9,2.8,0.206,0.206,0.222,0.428
2676,Jarrod Dyson,502481.0,2013,29,AL,0.0,0.0,0.0,0.0,1.55,1.55,0.0,213,239,55,40,9,4,2,45,21,18.8,8.8,0.258,0.366,0.322,0.688
2681,Rajai Davis,434658.0,2013,33,AL,0.0,0.0,0.0,0.0,1.55,1.55,0.0,331,360,86,62,16,2,6,67,21,18.6,5.8,0.26,0.375,0.311,0.686
2692,Marco Estrada,462136.0,2013,30,NL,0.0,0.0,0.0,0.0,1.5499999999999998,0.17,1.38,34,40,7,6,1,0,0,16,1,40.0,2.5,0.206,0.235,0.2,0.435
2717,Scooter Gennett,571697.0,2013,23,NL,0.0,0.0,0.0,0.0,1.52,1.52,0.0,213,230,69,50,11,2,6,42,10,18.3,4.3,0.324,0.479,0.348,0.827
2731,Billy Butler,456714.0,2013,27,AL,0.0,0.0,0.0,0.0,1.52,1.52,0.0,582,668,168,126,27,0,15,102,79,15.3,11.8,0.289,0.412,0.374,0.787
2744,Carl Crawford,408307.0,2013,32,NL,0.0,0.0,0.0,0.0,1.51,1.51,0.0,435,469,123,84,30,3,6,66,28,14.1,6.0,0.283,0.407,0.328,0.735
2749,Jon Jay,445055.0,2013,28,NL,0.0,0.0,0.0,0.0,1.5,1.5,0.0,548,628,151,115,27,2,7,103,52,16.4,8.3,0.276,0.37,0.346,0.716
2758,Jose Lobaton,446653.0,2013,29,AL,0.0,0.0,0.0,0.0,1.5,1.5,0.0,277,311,69,45,15,2,7,65,30,20.9,9.6,0.249,0.394,0.318,0.712
2787,Carlos Ruiz,434563.0,2013,34,NL,0.0,0.0,0.0,0.0,1.47,1.47,0.0,310,341,83,62,16,0,5,39,18,11.4,5.3,0.268,0.368,0.317,0.684
2796,Ben Revere,519184.0,2013,25,NL,0.0,0.0,0.0,0.0,1.47,1.47,0.0,315,336,96,84,9,3,0,36,16,10.7,4.8,0.305,0.352,0.333,0.686
2801,Mike Carp,455077.0,2013,27,AL,0.0,0.0,0.0,0.0,1.46,1.46,0.0,216,243,64,35,18,2,9,67,22,27.6,9.1,0.296,0.523,0.362,0.885
2816,Geovany Soto,434567.0,2013,30,AL,0.0,0.0,0.0,0.0,1.45,1.45,0.0,163,184,40,22,9,0,9,60,20,32.6,10.9,0.245,0.466,0.326,0.792
2826,Michael Saunders,459431.0,2013,27,AL,0.0,0.0,0.0,0.0,1.45,1.45,0.0,406,468,96,58,23,3,12,118,54,25.2,11.5,0.236,0.397,0.323,0.719
2853,Yoenis Cespedes,493316.0,2013,28,AL,0.0,0.0,0.0,0.0,1.42,1.42,0.0,529,574,127,76,21,4,26,137,37,23.9,6.4,0.24,0.442,0.294,0.737
2881,Alex Rios,425567.0,2013,32,AL,0.0,0.0,0.0,0.0,1.41,1.41,0.0,616,662,171,116,33,4,18,108,41,16.3,6.2,0.278,0.432,0.323,0.755
2910,Brandon Barnes,488681.0,2013,27,AL,0.0,0.0,0.0,0.0,1.39,1.39,0.0,408,445,98,72,17,1,8,127,21,28.5,4.7,0.24,0.346,0.285,0.631
2919,Carlos Villanueva,453646.0,2013,30,NL,0.0,0.0,0.0,0.0,1.38,-0.09,1.47,32,34,5,5,0,0,0,15,0,44.1,0.0,0.156,0.156,0.147,0.303
2922,Didi Gregorius,544369.0,2013,23,NL,0.0,0.0,0.0,0.0,1.38,1.38,0.0,357,404,90,64,16,3,7,65,37,16.1,9.2,0.252,0.373,0.329,0.702
2926,Eric Sogard,519299.0,2013,27,AL,0.0,0.0,0.0,0.0,1.38,1.38,0.0,368,410,98,69,24,3,2,51,27,12.4,6.6,0.266,0.364,0.317,0.681
2936,Wade Miley,489119.0,2013,27,NL,0.0,0.0,0.0,0.0,1.37,0.0,1.37,60,69,8,4,3,0,1,16,1,23.2,1.4,0.133,0.233,0.13,0.364
2967,Tyson Ross,475115.0,2013,26,NL,0.0,0.0,0.0,0.0,1.35,0.0,1.35,33,36,6,6,0,0,0,18,0,50.0,0.0,0.182,0.182,0.167,0.348
2979,Chad Gaudin,429985.0,2013,30,NL,0.0,0.0,0.0,0.0,1.3399999999999999,-0.13,1.47,25,29,1,1,0,0,0,14,2,48.3,6.9,0.04,0.04,0.103,0.143
2982,Jimmy Rollins,276519.0,2013,35,NL,0.0,0.0,0.0,0.0,1.33,1.33,0.0,600,666,151,107,36,2,6,93,59,14.0,8.9,0.252,0.348,0.317,0.665
3011,Jordy Mercer,474568.0,2013,27,NL,0.0,0.0,0.0,0.0,1.31,1.31,0.0,333,365,95,63,22,2,8,62,22,17.0,6.0,0.285,0.435,0.332,0.767
3012,Josh Satin,543744.0,2013,29,NL,0.0,0.0,0.0,0.0,1.31,1.31,0.0,190,221,53,35,15,0,3,56,30,25.3,13.6,0.279,0.405,0.376,0.781
3026,Justin Morneau,408047.0,2013,32,AL,0.0,0.0,0.0,0.0,1.31,1.31,0.0,572,635,148,95,36,0,17,110,50,17.3,7.9,0.259,0.411,0.323,0.734
3028,Jeff Locke,502046.0,2013,26,NL,0.0,0.0,0.0,0.0,1.3099999999999998,-0.08,1.39,47,54,5,5,0,0,0,19,2,35.2,3.7,0.106,0.106,0.13,0.236
3069,Asdrubal Cabrera,452678.0,2013,28,AL,0.0,0.0,0.0,0.0,1.28,1.28,0.0,508,562,123,72,35,2,14,114,35,20.3,6.2,0.242,0.402,0.295,0.697
3099,Jonathan Pettibone,543643.0,2013,23,NL,0.0,0.0,0.0,0.0,1.26,0.02,1.24,29,32,3,2,1,0,0,14,3,43.8,9.4,0.103,0.138,0.188,0.325
3106,Josh Hamilton,285078.0,2013,32,AL,0.0,0.0,0.0,0.0,1.25,1.25,0.0,576,636,144,86,32,5,21,158,47,24.8,7.4,0.25,0.432,0.307,0.739
3117,Khris Davis,501981.0,2013,26,NL,0.0,0.0,0.0,0.0,1.25,1.25,0.0,136,153,38,17,10,0,11,34,11,22.2,7.2,0.279,0.596,0.353,0.949
3122,John Jaso,444379.0,2013,30,AL,0.0,0.0,0.0,0.0,1.24,1.24,0.0,207,249,56,41,12,0,3,45,38,18.1,15.3,0.271,0.372,0.386,0.758
3150,Matt Adams,571431.0,2013,25,NL,0.0,0.0,0.0,0.0,1.22,1.22,0.0,296,319,84,53,14,0,17,80,23,25.1,7.2,0.284,0.503,0.335,0.839
3152,Matt Wieters,446308.0,2013,27,AL,0.0,0.0,0.0,0.0,1.22,1.22,0.0,523,579,123,72,29,0,22,104,43,18.0,7.4,0.235,0.417,0.287,0.704
3166,Zack Cozart,446359.0,2013,28,NL,0.0,0.0,0.0,0.0,1.21,1.21,0.0,567,618,144,99,30,3,12,102,26,16.5,4.2,0.254,0.381,0.278,0.659
3167,Johnny Cueto,456501.0,2013,27,NL,0.0,0.0,0.0,0.0,1.21,-0.07,1.28,20,22,3,3,0,0,0,5,0,22.7,0.0,0.15,0.15,0.136,0.286
3169,Tim Hudson,218596.0,2013,38,NL,0.0,0.0,0.0,0.0,1.21,0.39,0.82,38,48,6,4,1,0,1,14,4,29.2,8.3,0.158,0.263,0.208,0.471
3182,Jose Tabata,467798.0,2013,25,NL,0.0,0.0,0.0,0.0,1.2,1.2,0.0,308,341,87,59,17,5,6,45,23,13.2,6.7,0.282,0.429,0.337,0.766
3199,Luis Valbuena,472528.0,2013,28,NL,0.0,0.0,0.0,0.0,1.19,1.19,0.0,331,391,72,44,15,1,12,63,53,16.1,13.6,0.218,0.378,0.33,0.708
3209,Victor Martinez,400121.0,2013,35,AL,0.0,0.0,0.0,0.0,1.19,1.19,0.0,605,668,182,132,36,0,14,62,54,9.3,8.1,0.301,0.43,0.355,0.785
3211,Jacob Turner,545363.0,2013,22,NL,0.0,0.0,0.0,0.0,1.19,-0.19,1.38,35,38,3,2,0,1,0,16,0,42.1,0.0,0.086,0.143,0.079,0.222
3219,Conor Gillaspie,543216.0,2013,26,AL,0.0,0.0,0.0,0.0,1.18,1.18,0.0,408,452,100,70,14,3,13,79,37,17.5,8.2,0.245,0.39,0.305,0.695
3241,Pedro Florimon,465753.0,2013,27,AL,0.0,0.0,0.0,0.0,1.16,1.16,0.0,403,446,89,63,17,0,9,115,33,25.8,7.4,0.221,0.33,0.278,0.608
3269,Junior Lake,516809.0,2013,23,NL,0.0,0.0,0.0,0.0,1.15,1.15,0.0,236,254,67,45,16,0,6,68,13,26.8,5.1,0.284,0.428,0.331,0.759
3281,Zack Wheeler,554430.0,2013,23,NL,0.0,0.0,0.0,0.0,1.14,-0.03,1.17,30,34,4,3,1,0,0,13,1,38.2,2.9,0.133,0.167,0.147,0.314
3289,Justin Smoak,475253.0,2013,27,AL,0.0,0.0,0.0,0.0,1.13,1.13,0.0,454,521,108,69,19,0,20,119,64,22.8,12.3,0.238,0.412,0.334,0.746
3293,Evan Gattis,594828.0,2013,27,NL,0.0,0.0,0.0,0.0,1.13,1.13,0.0,354,382,86,44,21,0,21,81,21,21.2,5.5,0.243,0.48,0.291,0.771
3299,Jose Altuve,514888.0,2013,23,AL,0.0,0.0,0.0,0.0,1.13,1.13,0.0,626,672,177,139,31,2,5,85,32,12.6,4.8,0.283,0.363,0.314,0.677
3308,Curtis Granderson,434158.0,2013,32,AL,0.0,0.0,0.0,0.0,1.12,1.12,0.0,214,245,49,27,13,2,7,69,27,28.2,11.0,0.229,0.407,0.314,0.721
3309,Emilio Bonifacio,466988.0,2013,28,AL,0.0,0.0,0.0,0.0,1.12,1.12,0.0,420,461,102,74,22,3,3,103,30,22.3,6.5,0.243,0.331,0.291,0.622
3310,Ed Lucas,448296.0,2013,31,NL,0.0,0.0,0.0,0.0,1.12,1.12,0.0,351,384,90,71,14,1,4,78,26,20.3,6.8,0.256,0.336,0.307,0.643
3342,Cody Ransom,285068.0,2013,37,NL,0.0,0.0,0.0,0.0,1.1,1.1,0.0,169,193,32,12,10,1,9,62,22,32.1,11.4,0.189,0.42,0.285,0.705
3346,DJ LeMahieu,518934.0,2013,25,NL,0.0,0.0,0.0,0.0,1.1,1.1,0.0,404,434,113,87,21,3,2,67,19,15.4,4.4,0.28,0.361,0.306,0.668
3352,Ryan Flaherty,475247.0,2013,27,AL,0.0,0.0,0.0,0.0,1.1,1.1,0.0,246,271,55,34,11,0,10,62,19,22.9,7.0,0.224,0.39,0.292,0.682
3376,Trevor Plouffe,461858.0,2013,27,AL,0.0,0.0,0.0,0.0,1.08,1.08,0.0,477,522,121,84,22,1,14,112,34,21.5,6.5,0.254,0.392,0.308,0.7
3378,Nick Hundley,460026.0,2013,30,NL,0.0,0.0,0.0,0.0,1.08,1.08,0.0,373,408,87,55,19,0,13,98,26,24.0,6.4,0.233,0.389,0.289,0.678
3386,Scott Feldman,444857.0,2013,30,NL,0.0,0.0,0.0,0.0,1.08,0.19,0.89,37,38,6,3,2,0,1,13,0,34.2,0.0,0.162,0.297,0.158,0.455
3389,Lonnie Chisenhall,502082.0,2013,25,AL,0.0,0.0,0.0,0.0,1.08,1.08,0.0,289,308,65,37,17,0,11,56,16,18.2,5.2,0.225,0.398,0.269,0.667
3398,Aaron Hill,431094.0,2013,31,NL,0.0,0.0,0.0,0.0,1.07,1.07,0.0,327,362,95,62,21,1,11,48,29,13.3,8.0,0.291,0.462,0.356,0.818
3487,Andy Dirks,543108.0,2013,27,AL,0.0,0.0,0.0,0.0,1.01,1.01,0.0,438,484,112,85,16,2,9,84,42,17.4,8.7,0.256,0.363,0.322,0.685
3525,Erick Aybar,430947.0,2013,29,AL,0.0,0.0,0.0,0.0,0.99,0.99,0.0,550,589,149,105,33,5,6,59,23,10.0,3.9,0.271,0.382,0.297,0.679
3540,Hank Conger,474233.0,2013,25,AL,0.0,0.0,0.0,0.0,0.98,0.98,0.0,233,255,58,37,13,1,7,61,17,23.9,6.7,0.249,0.403,0.31,0.713
3558,Jeff Samardzija,502188.0,2013,28,NL,0.0,0.0,0.0,0.0,0.98,-0.06,1.04,62,73,7,4,2,0,1,31,1,42.5,1.4,0.113,0.194,0.11,0.303
3574,Munenori Kawasaki,493128.0,2013,32,AL,0.0,0.0,0.0,0.0,0.97,0.97,0.0,240,289,55,43,6,5,1,41,32,14.2,11.1,0.229,0.308,0.315,0.623
3581,Jordan Schafer,457788.0,2013,27,NL,0.0,0.0,0.0,0.0,0.97,0.97,0.0,231,265,57,43,8,3,3,73,29,27.5,10.9,0.247,0.346,0.325,0.671
3591,Eric Chavez,136767.0,2013,36,NL,0.0,0.0,0.0,0.0,0.96,0.96,0.0,228,254,64,39,14,2,9,45,19,17.7,7.5,0.281,0.478,0.331,0.809
3606,Francisco Cervelli,465041.0,2013,27,AL,0.0,0.0,0.0,0.0,0.95,0.95,0.0,52,61,14,8,3,0,3,9,8,14.8,13.1,0.269,0.5,0.377,0.877
3620,Ryan Goins,572365.0,2013,25,AL,0.0,0.0,0.0,0.0,0.94,0.94,0.0,119,121,30,23,5,0,2,28,2,23.1,1.7,0.252,0.345,0.264,0.609
3622,Ramiro Pena,455369.0,2013,28,NL,0.0,0.0,0.0,0.0,0.94,0.94,0.0,97,107,27,18,5,1,3,18,8,16.8,7.5,0.278,0.443,0.327,0.77
3664,Eric Young Jr.,458913.0,2013,28,NL,0.0,0.0,0.0,0.0,0.92,0.92,0.0,539,598,134,98,27,7,2,100,46,16.7,7.7,0.249,0.336,0.304,0.64
3678,Marcell Ozuna,542303.0,2013,23,NL,0.0,0.0,0.0,0.0,0.92,0.92,0.0,275,291,73,49,17,4,3,57,13,19.6,4.5,0.265,0.389,0.302,0.691
3682,Kelly Johnson,430637.0,2013,31,AL,0.0,0.0,0.0,0.0,0.92,0.92,0.0,366,407,86,56,12,2,16,99,35,24.3,8.6,0.235,0.41,0.305,0.715
3684,Josh Collmenter,518567.0,2013,27,NL,0.0,0.0,0.0,0.0,0.9199999999999999,-0.05,0.97,11,12,1,1,0,0,0,5,0,41.7,0.0,0.091,0.091,0.167,0.258
3689,Angel Pagan,434636.0,2013,32,NL,0.0,0.0,0.0,0.0,0.91,0.91,0.0,280,305,79,55,16,3,5,36,23,11.8,7.5,0.282,0.414,0.334,0.749
3694,Josmil Pinto,500887.0,2013,24,AL,0.0,0.0,0.0,0.0,0.91,0.91,0.0,76,83,26,17,5,0,4,22,6,26.5,7.2,0.342,0.566,0.398,0.963
3696,Eric Stults,445590.0,2013,34,NL,0.0,0.0,0.0,0.0,0.9099999999999999,0.18,0.73,61,69,10,8,1,0,1,21,0,30.4,0.0,0.164,0.23,0.159,0.389
3767,Peter Bourjos,488721.0,2013,26,AL,0.0,0.0,0.0,0.0,0.87,0.87,0.0,175,196,48,39,3,3,3,43,10,21.9,5.1,0.274,0.377,0.327,0.704
3772,Donnie Murphy,430906.0,2013,30,NL,0.0,0.0,0.0,0.0,0.87,0.87,0.0,149,163,38,19,8,0,11,48,8,29.4,4.9,0.255,0.53,0.319,0.849
3802,Drew Stubbs,453211.0,2013,29,AL,0.0,0.0,0.0,0.0,0.85,0.85,0.0,430,481,100,67,21,2,10,141,44,29.3,9.1,0.233,0.36,0.304,0.664
3805,Carlos Torres,448614.0,2013,31,NL,0.0,0.0,0.0,0.0,0.85,-0.09,0.94,16,18,1,1,0,0,0,8,1,44.4,5.6,0.063,0.063,0.111,0.174
3817,Brandon Cumpton,592238.0,2013,25,NL,0.0,0.0,0.0,0.0,0.85,0.01,0.84,9,12,0,0,0,0,0,4,1,33.3,8.3,0.0,0.0,0.083,0.083
3832,Shane Robinson,453203.0,2013,29,NL,0.0,0.0,0.0,0.0,0.84,0.84,0.0,144,171,36,31,2,1,2,17,23,9.9,13.5,0.25,0.319,0.345,0.664
3846,Ryan Sweeney,435220.0,2013,28,NL,0.0,0.0,0.0,0.0,0.84,0.84,0.0,192,212,51,30,13,2,6,31,17,14.6,8.0,0.266,0.448,0.321,0.769
3859,Jeff Baker,425557.0,2013,32,AL,0.0,0.0,0.0,0.0,0.83,0.83,0.0,154,175,43,24,8,0,11,48,18,27.4,10.3,0.279,0.545,0.36,0.905
3862,Yonder Alonso,475174.0,2013,26,NL,0.0,0.0,0.0,0.0,0.83,0.83,0.0,334,375,94,77,11,0,6,47,32,12.5,8.5,0.281,0.368,0.341,0.71
3895,Ross Ohlendorf,456027.0,2013,31,NL,0.0,0.0,0.0,0.0,0.81,-0.22,1.03,15,19,0,0,0,0,0,11,1,57.9,5.3,0.0,0.0,0.053,0.053
3897,Moises Sierra,501213.0,2013,25,AL,0.0,0.0,0.0,0.0,0.81,0.81,0.0,107,122,31,16,13,1,1,29,14,23.8,11.5,0.29,0.458,0.369,0.827
3919,Aramis Ramirez,133380.0,2013,35,NL,0.0,0.0,0.0,0.0,0.8,0.8,0.0,304,351,86,56,18,0,12,55,36,15.7,10.3,0.283,0.461,0.37,0.831
3920,Scott Van Slyke,475100.0,2013,27,NL,0.0,0.0,0.0,0.0,0.8,0.8,0.0,129,152,31,16,8,0,7,37,20,24.3,13.2,0.24,0.465,0.342,0.807
3960,Sean Rodriguez,446481.0,2013,28,AL,0.0,0.0,0.0,0.0,0.78,0.78,0.0,195,222,48,32,10,1,5,59,17,26.6,7.7,0.246,0.385,0.315,0.7
4014,Corey Dickerson,572816.0,2013,24,NL,0.0,0.0,0.0,0.0,0.76,0.76,0.0,194,213,51,28,13,5,5,41,16,19.2,7.5,0.263,0.459,0.315,0.773
4016,Derrick Robinson,501961.0,2013,26,NL,0.0,0.0,0.0,0.0,0.76,0.76,0.0,192,216,49,39,7,3,0,44,18,20.4,8.3,0.255,0.323,0.315,0.638
4029,Yasmani Grandal,518735.0,2013,25,NL,0.0,0.0,0.0,0.0,0.75,0.75,0.0,88,108,19,10,8,0,1,18,18,16.7,16.7,0.216,0.341,0.352,0.693
4031,Freddy Garcia,150119.0,2013,37,NL,0.0,0.0,0.0,0.0,0.75,-0.14,0.89,8,10,0,0,0,0,0,5,0,50.0,0.0,0.0,0.0,0.0,0.0
4073,Billy Hamilton,571740.0,2013,23,NL,0.0,0.0,0.0,0.0,0.73,0.73,0.0,19,22,7,5,2,0,0,4,2,18.2,9.1,0.368,0.474,0.409,0.883
4083,Mark DeRosa,136660.0,2013,38,AL,0.0,0.0,0.0,0.0,0.73,0.73,0.0,204,236,48,28,12,1,7,49,28,20.8,11.9,0.235,0.407,0.326,0.733
4105,Raul Ibanez,116380.0,2013,41,AL,0.0,0.0,0.0,0.0,0.72,0.72,0.0,454,496,110,59,20,2,29,128,42,25.8,8.5,0.242,0.487,0.306,0.793
4106,Matt Kemp,461314.0,2013,29,NL,0.0,0.0,0.0,0.0,0.72,0.72,0.0,263,290,71,50,15,0,6,76,22,26.2,7.6,0.27,0.395,0.328,0.723
4107,Chris Heisey,502317.0,2013,29,NL,0.0,0.0,0.0,0.0,0.72,0.72,0.0,224,244,53,32,11,1,9,51,9,20.9,3.7,0.237,0.415,0.275,0.69
4109,Collin Cowgill,518577.0,2013,27,AL,0.0,0.0,0.0,0.0,0.72,0.72,0.0,152,162,32,21,5,2,4,42,7,25.9,4.3,0.211,0.349,0.241,0.589
4114,Anthony Recker,489232.0,2013,30,NL,0.0,0.0,0.0,0.0,0.71,0.78,-0.07,135,151,29,16,7,0,6,49,13,32.5,8.6,0.215,0.4,0.278,0.678
4123,Mark Reynolds,448602.0,2013,30,AL,0.0,0.0,0.0,0.0,0.71,0.71,0.0,445,504,98,63,14,0,21,154,51,30.6,10.1,0.22,0.393,0.306,0.699
4138,Jake Peavy,408241.0,2013,32,AL,0.0,0.0,0.0,0.0,0.7,-0.02,0.72,15,15,1,0,1,0,0,0,0,0.0,0.0,0.067,0.133,0.067,0.2
4141,Jeff Bianchi,488703.0,2013,27,NL,0.0,0.0,0.0,0.0,0.7,0.7,0.0,236,252,56,46,8,1,1,46,11,18.3,4.4,0.237,0.292,0.27,0.562
4158,Steve Pearce,456665.0,2013,30,AL,0.0,0.0,0.0,0.0,0.7,0.7,0.0,119,138,31,20,7,0,4,25,15,18.1,10.9,0.261,0.42,0.362,0.782
4182,Dustin Ackley,554429.0,2013,25,AL,0.0,0.0,0.0,0.0,0.68,0.68,0.0,384,427,97,73,18,2,4,72,37,16.9,8.7,0.253,0.341,0.316,0.657
4197,Mitch Moreland,519048.0,2013,28,AL,0.0,0.0,0.0,0.0,0.68,0.68,0.0,462,518,107,59,24,1,23,117,45,22.6,8.7,0.232,0.437,0.299,0.736
4217,Gordon Beckham,493596.0,2013,27,AL,0.0,0.0,0.0,0.0,0.67,0.67,0.0,371,408,99,71,22,1,5,56,28,13.7,6.9,0.267,0.372,0.321,0.693
4218,Aaron Hicks,543305.0,2013,24,AL,0.0,0.0,0.0,0.0,0.67,0.67,0.0,281,313,54,32,11,3,8,84,24,26.8,7.7,0.192,0.338,0.256,0.594
4220,Kyle Blanks,452035.0,2013,27,NL,0.0,0.0,0.0,0.0,0.67,0.67,0.0,280,308,68,46,14,0,8,85,21,27.6,6.8,0.243,0.379,0.305,0.684
4234,Tommy Medica,523265.0,2013,25,NL,0.0,0.0,0.0,0.0,0.66,0.66,0.0,69,79,20,15,2,0,3,23,10,29.1,12.7,0.29,0.449,0.38,0.829
4239,David Ross,424325.0,2013,36,AL,0.0,0.0,0.0,0.0,0.66,0.66,0.0,102,116,22,13,5,0,4,42,11,36.2,9.5,0.216,0.382,0.293,0.675
4245,Jayson Nix,434624.0,2013,31,AL,0.0,0.0,0.0,0.0,0.66,0.66,0.0,267,303,63,50,9,1,3,80,24,26.4,7.9,0.236,0.311,0.304,0.614
4250,Joaquin Arias,435078.0,2013,29,NL,0.0,0.0,0.0,0.0,0.66,0.66,0.0,225,236,61,49,9,2,1,33,4,14.0,1.7,0.271,0.342,0.28,0.622
4251,Danny Valencia,502143.0,2013,29,AL,0.0,0.0,0.0,0.0,0.66,0.66,0.0,161,170,49,26,14,1,8,33,8,19.4,4.7,0.304,0.553,0.335,0.888
4259,Marwin Gonzalez,503556.0,2013,24,AL,0.0,0.0,0.0,0.0,0.65,0.65,0.0,204,222,45,33,8,0,4,37,9,16.7,4.1,0.221,0.319,0.243,0.562
4277,Alex Wood,622072.0,2013,22,NL,0.0,0.0,0.0,0.0,0.64,-0.28,0.92,21,22,0,0,0,0,0,15,0,68.2,0.0,0.0,0.0,0.0,0.0
4279,Yovani Gallardo,451596.0,2013,27,NL,0.0,0.0,0.0,0.0,0.64,0.43,0.21,57,64,12,8,2,0,2,29,0,45.3,0.0,0.211,0.351,0.188,0.538
4286,Stephen Vogt,519390.0,2013,29,AL,0.0,0.0,0.0,0.0,0.64,0.64,0.0,135,148,34,23,6,1,4,28,9,18.9,6.1,0.252,0.4,0.291,0.691
4297,Jake Arrieta,453562.0,2013,27,NL,0.0,0.0,0.0,0.0,0.6399999999999999,-0.07,0.71,15,19,2,2,0,0,0,10,0,52.6,0.0,0.133,0.133,0.105,0.239
4307,Ramon Santiago,421124.0,2013,34,AL,0.0,0.0,0.0,0.0,0.63,0.63,0.0,205,234,46,36,8,1,1,32,21,13.7,9.0,0.224,0.288,0.291,0.578
4335,Carlos Corporan,449786.0,2013,29,AL,0.0,0.0,0.0,0.0,0.62,0.62,0.0,191,210,43,31,5,0,7,60,10,28.6,4.8,0.225,0.361,0.286,0.647
4340,John Buck,407833.0,2013,33,NL,0.0,0.0,0.0,0.0,0.62,0.62,0.0,392,431,87,61,11,0,15,104,29,24.1,6.7,0.222,0.365,0.288,0.652
4343,Chris Rusin,543734.0,2013,27,NL,0.0,0.0,0.0,0.0,0.61,-0.11,0.72,19,21,2,2,0,0,0,3,0,14.3,0.0,0.105,0.105,0.095,0.201
4352,Alex Avila,488671.0,2013,26,AL,0.0,0.0,0.0,0.0,0.61,0.61,0.0,330,379,75,49,14,1,11,112,44,29.6,11.6,0.227,0.376,0.317,0.692
4356,Brian Roberts,406878.0,2013,36,AL,0.0,0.0,0.0,0.0,0.61,0.61,0.0,265,296,66,45,12,1,8,44,26,14.9,8.8,0.249,0.392,0.311,0.703
4372,Dayan Viciedo,493364.0,2013,24,AL,0.0,0.0,0.0,0.0,0.6,0.6,0.0,441,473,117,77,23,3,14,98,24,20.7,5.1,0.265,0.426,0.304,0.731
4396,Adam LaRoche,425560.0,2013,34,NL,0.0,0.0,0.0,0.0,0.6,0.6,0.0,511,590,121,79,19,3,20,131,72,22.2,12.2,0.237,0.403,0.332,0.735
4405,Charlie Blackmon,453568.0,2013,27,NL,0.0,0.0,0.0,0.0,0.59,0.59,0.0,246,258,76,51,17,2,6,49,7,19.0,2.7,0.309,0.467,0.333,0.801
4409,Gerald Laird,408042.0,2013,34,NL,0.0,0.0,0.0,0.0,0.59,0.59,0.0,121,141,34,25,8,0,1,23,14,16.3,9.9,0.281,0.372,0.362,0.734
4436,Mike Aviles,449107.0,2013,32,AL,0.0,0.0,0.0,0.0,0.58,0.58,0.0,361,394,91,67,15,0,9,41,15,10.4,3.8,0.252,0.368,0.277,0.645
4458,Matt Carson,454998.0,2013,32,AL,0.0,0.0,0.0,0.0,0.57,0.57,0.0,11,13,7,6,0,0,1,1,1,7.7,7.7,0.636,0.909,0.692,1.601
4490,Andrew Romine,461865.0,2013,28,AL,0.0,0.0,0.0,0.0,0.56,0.56,0.0,108,123,28,25,3,0,0,24,7,19.5,5.7,0.259,0.287,0.293,0.58
4510,Donovan Hand,518764.0,2013,27,NL,0.0,0.0,0.0,0.0,0.5599999999999999,-0.05,0.61,11,14,1,1,0,0,0,3,0,21.4,0.0,0.091,0.091,0.143,0.234
4514,Yusmeiro Petit,433589.0,2013,29,NL,0.0,0.0,0.0,0.0,0.55,-0.08,0.63,16,17,1,1,0,0,0,5,1,29.4,5.9,0.063,0.063,0.118,0.18
4519,George Kottaras,435459.0,2013,30,AL,0.0,0.0,0.0,0.0,0.55,0.55,0.0,100,126,18,9,4,0,5,42,24,33.3,19.0,0.18,0.37,0.349,0.719
4520,Josh Willingham,425545.0,2013,34,AL,0.0,0.0,0.0,0.0,0.55,0.55,0.0,389,471,81,47,20,0,14,128,66,27.2,14.0,0.208,0.368,0.342,0.709
4522,Alejandro De Aza,457477.0,2013,29,AL,0.0,0.0,0.0,0.0,0.55,0.55,0.0,607,675,160,112,27,4,17,147,50,21.8,7.4,0.264,0.405,0.32,0.725
4526,Marcus Semien,543760.0,2013,23,AL,0.0,0.0,0.0,0.0,0.55,0.55,0.0,69,71,18,12,4,0,2,22,1,31.0,1.4,0.261,0.406,0.268,0.673
4534,Robbie Grossman,543257.0,2013,24,AL,0.0,0.0,0.0,0.0,0.55,0.55,0.0,257,288,69,51,14,0,4,70,23,24.3,8.0,0.268,0.37,0.326,0.696
4549,Gaby Sanchez,459991.0,2013,30,NL,0.0,0.0,0.0,0.0,0.54,0.54,0.0,264,320,67,42,18,0,7,51,44,15.9,13.8,0.254,0.402,0.359,0.761
4554,Juan Nicasio,504379.0,2013,27,NL,0.0,0.0,0.0,0.0,0.54,0.24,0.3,36,50,5,5,0,0,0,20,4,40.0,8.0,0.139,0.139,0.18,0.319
4581,Matt Tuiasosopo,449168.0,2013,27,AL,0.0,0.0,0.0,0.0,0.53,0.53,0.0,164,191,40,26,7,0,7,57,25,29.8,13.1,0.244,0.415,0.351,0.765
4600,Matt Cain,430912.0,2013,29,NL,0.0,0.0,0.0,0.0,0.52,-0.25,0.77,52,64,5,5,0,0,0,22,2,34.4,3.1,0.096,0.096,0.109,0.206
4664,Jason Bay,424726.0,2013,35,AL,0.0,0.0,0.0,0.0,0.5,0.5,0.0,206,236,42,25,6,0,11,62,26,26.3,11.0,0.204,0.393,0.297,0.69
4677,Justin Turner,457759.0,2013,29,NL,0.0,0.0,0.0,0.0,0.5,0.5,0.0,200,214,56,40,13,1,2,34,11,15.9,5.1,0.28,0.385,0.318,0.703
4716,Charlie Morton,450203.0,2013,30,NL,0.0,0.0,0.0,0.0,0.48999999999999994,-0.08,0.57,36,38,5,5,0,0,0,11,0,28.9,0.0,0.139,0.139,0.132,0.27
4728,Kyle Kendrick,452718.0,2013,29,NL,0.0,0.0,0.0,0.0,0.48,-0.13,0.61,56,66,7,5,1,1,0,20,1,30.3,1.5,0.125,0.179,0.136,0.315
4733,Kole Calhoun,594777.0,2013,26,AL,0.0,0.0,0.0,0.0,0.48,0.48,0.0,195,222,55,38,7,2,8,41,21,18.5,9.5,0.282,0.462,0.347,0.808
4737,Seth Smith,452234.0,2013,31,AL,0.0,0.0,0.0,0.0,0.48,0.48,0.0,368,410,93,58,27,0,8,94,39,22.9,9.5,0.253,0.391,0.329,0.721
4757,Justin Maxwell,452239.0,2013,30,AL,0.0,0.0,0.0,0.0,0.47,0.47,0.0,234,262,59,33,16,3,7,78,23,29.8,8.8,0.252,0.436,0.328,0.764
4783,Elliot Johnson,471107.0,2013,29,AL,0.0,0.0,0.0,0.0,0.46,0.46,0.0,254,275,53,41,7,3,2,67,16,24.4,5.8,0.209,0.283,0.251,0.534
4791,Doug Bernier,448674.0,2013,33,AL,0.0,0.0,0.0,0.0,0.46,0.46,0.0,53,64,12,9,3,0,0,15,8,23.4,12.5,0.226,0.283,0.328,0.611
4804,Ryan Howard,429667.0,2013,34,NL,0.0,0.0,0.0,0.0,0.46,0.46,0.0,286,317,76,43,20,2,11,95,23,30.0,7.3,0.266,0.465,0.319,0.784
4806,Daric Barton,435558.0,2013,28,AL,0.0,0.0,0.0,0.0,0.46,0.46,0.0,104,120,28,23,2,0,3,18,13,15.0,10.8,0.269,0.375,0.35,0.725
4817,Alexi Casilla,458210.0,2013,29,AL,0.0,0.0,0.0,0.0,0.45,0.45,0.0,112,125,24,18,4,1,1,20,9,16.0,7.2,0.214,0.295,0.264,0.559
4823,Eric Fryer,518700.0,2013,28,AL,0.0,0.0,0.0,0.0,0.45,0.45,0.0,13,16,5,3,1,0,1,3,3,18.8,18.8,0.385,0.692,0.5,1.192
4857,Will Middlebrooks,519025.0,2013,25,AL,0.0,0.0,0.0,0.0,0.44,0.44,0.0,348,374,79,44,18,0,17,98,20,26.2,5.3,0.227,0.425,0.27,0.695
4861,Alcides Escobar,444876.0,2013,27,AL,0.0,0.0,0.0,0.0,0.44,0.44,0.0,607,642,142,114,20,4,4,84,19,13.1,3.0,0.234,0.3,0.255,0.555
4862,Ryan Doumit,425491.0,2013,32,AL,0.0,0.0,0.0,0.0,0.44,0.44,0.0,485,538,120,77,28,1,14,99,48,18.4,8.9,0.247,0.396,0.314,0.71
4878,Alberto Callaspo,430948.0,2013,30,AL,0.0,0.0,0.0,0.0,0.43,0.43,0.0,453,516,117,87,20,0,10,47,53,9.1,10.3,0.258,0.369,0.331,0.7
4886,Willie Bloomquist,217100.0,2013,36,NL,0.0,0.0,0.0,0.0,0.43,0.43,0.0,139,150,44,38,5,1,0,11,8,7.3,5.3,0.317,0.367,0.36,0.727
4887,Rene Rivera,425784.0,2013,30,NL,0.0,0.0,0.0,0.0,0.43,0.43,0.0,67,71,17,13,3,1,0,16,2,22.5,2.8,0.254,0.328,0.268,0.596
4894,Chris Carter,474892.0,2013,27,AL,0.0,0.0,0.0,0.0,0.43,0.43,0.0,506,585,113,58,24,2,29,212,70,36.2,12.0,0.223,0.451,0.32,0.77
4914,Kevin Slowey,458713.0,2013,29,NL,0.0,0.0,0.0,0.0,0.42,-0.19,0.61,21,28,1,1,0,0,0,12,2,42.9,7.1,0.048,0.048,0.107,0.155
4916,Jordan Danks,458668.0,2013,27,AL,0.0,0.0,0.0,0.0,0.42,0.42,0.0,160,179,37,25,7,0,5,57,18,31.8,10.1,0.231,0.369,0.313,0.682
4921,Luis Jimenez,499864.0,2013,25,AL,0.0,0.0,0.0,0.0,0.42,0.42,0.0,104,110,27,21,6,0,0,28,2,25.5,1.8,0.26,0.317,0.291,0.608
4927,Trevor Cahill,502239.0,2013,25,NL,0.0,0.0,0.0,0.0,0.41999999999999993,-0.28,0.7,49,53,4,2,1,1,0,20,0,37.7,0.0,0.082,0.143,0.075,0.218
4953,David Freese,501896.0,2013,30,NL,0.0,0.0,0.0,0.0,0.41,0.41,0.0,462,521,121,85,26,1,9,106,47,20.3,9.0,0.262,0.381,0.34,0.721
4957,Justin Ruggiano,448605.0,2013,31,NL,0.0,0.0,0.0,0.0,0.4,0.4,0.0,424,472,94,57,18,1,18,114,41,24.2,8.7,0.222,0.396,0.297,0.693
4969,Josh Wilson,425543.0,2013,32,NL,0.0,0.0,0.0,0.0,0.4,0.4,0.0,60,65,12,9,1,1,1,17,5,26.2,7.7,0.2,0.3,0.262,0.562
4995,Corky Miller,280061.0,2013,37,NL,0.0,0.0,0.0,0.0,0.39,0.39,0.0,35,41,9,4,5,0,0,6,5,14.6,12.2,0.257,0.4,0.366,0.766
5005,Tom Koehler,543408.0,2013,27,NL,0.0,0.0,0.0,0.0,0.39,-0.36,0.75,39,41,3,3,0,0,0,17,0,41.5,0.0,0.077,0.077,0.073,0.15
5018,Nick Markakis,455976.0,2013,30,AL,0.0,0.0,0.0,0.0,0.39,0.39,0.0,634,700,172,138,24,0,10,76,55,10.9,7.9,0.271,0.356,0.329,0.685
5035,Brayan Pena,430910.0,2013,31,AL,0.0,0.0,0.0,0.0,0.38,0.38,0.0,229,243,68,53,11,0,4,26,6,10.7,2.5,0.297,0.397,0.313,0.71
5037,Franklin Gutierrez,429711.0,2013,30,AL,0.0,0.0,0.0,0.0,0.38,0.38,0.0,145,151,36,19,7,0,10,43,5,28.5,3.3,0.248,0.503,0.272,0.775
5039,Logan Schafer,502582.0,2013,27,NL,0.0,0.0,0.0,0.0,0.38,0.38,0.0,298,337,63,41,15,3,4,60,25,17.8,7.4,0.211,0.322,0.27,0.592
5047,Brendan Ryan,453895.0,2013,31,AL,0.0,0.0,0.0,0.0,0.38,0.38,0.0,319,349,63,47,12,0,4,73,23,20.9,6.6,0.197,0.273,0.252,0.525
5064,Anthony Rendon,543685.0,2013,23,NL,0.0,0.0,0.0,0.0,0.37,0.37,0.0,351,394,93,62,23,1,7,69,31,17.5,7.9,0.265,0.396,0.327,0.723
5082,Jenrry Mejia,516769.0,2013,24,NL,0.0,0.0,0.0,0.0,0.36000000000000004,-0.19,0.55,11,11,0,0,0,0,0,6,0,54.5,0.0,0.0,0.0,0.0,0.0
5091,Brian Bogusevic,460131.0,2013,29,NL,0.0,0.0,0.0,0.0,0.36,0.36,0.0,143,155,39,25,7,1,6,35,10,22.6,6.5,0.273,0.462,0.323,0.784
5093,Randall Delgado,517414.0,2013,23,NL,0.0,0.0,0.0,0.0,0.36,0.2,0.16,32,37,7,7,0,0,0,13,1,35.1,2.7,0.219,0.219,0.216,0.435
5106,Aaron Harang,421685.0,2013,35,NL,0.0,0.0,0.0,0.0,0.36,0.13,0.23,11,11,2,2,0,0,0,6,0,54.5,0.0,0.182,0.182,0.182,0.364
5118,Mike Zunino,572287.0,2013,22,AL,0.0,0.0,0.0,0.0,0.35,0.35,0.0,173,193,37,27,5,0,5,49,16,25.4,8.3,0.214,0.329,0.29,0.62
5144,Xander Bogaerts,593428.0,2013,21,AL,0.0,0.0,0.0,0.0,0.34,0.34,0.0,44,50,11,8,2,0,1,13,5,26.0,10.0,0.25,0.364,0.32,0.684
5191,Daniel Descalso,518614.0,2013,27,NL,0.0,0.0,0.0,0.0,0.33,0.33,0.0,328,358,78,47,25,1,5,56,22,15.6,6.1,0.238,0.366,0.288,0.654
5197,Kensuke Tanaka,547887.0,2013,32,NL,0.0,0.0,0.0,0.0,0.33,0.33,0.0,30,34,8,8,0,0,0,3,4,8.8,11.8,0.267,0.267,0.353,0.62
5198,Humberto Quintero,279827.0,2013,34,AL,0.0,0.0,0.0,0.0,0.33,0.33,0.0,131,140,31,22,5,0,4,30,6,21.4,4.3,0.237,0.366,0.271,0.638
5204,Kurt Suzuki,435559.0,2013,30,AL,0.0,0.0,0.0,0.0,0.33,0.33,0.0,285,316,66,47,13,1,5,35,22,11.1,7.0,0.232,0.337,0.288,0.625
5222,Caleb Gindl,518725.0,2013,25,NL,0.0,0.0,0.0,0.0,0.32,0.32,0.0,132,155,32,18,7,2,5,25,20,16.1,12.9,0.242,0.439,0.335,0.775
5225,Placido Polanco,135784.0,2013,38,NL,0.0,0.0,0.0,0.0,0.32,0.32,0.0,377,416,98,84,13,0,1,31,23,7.5,5.5,0.26,0.302,0.313,0.615
5244,Garrett Jones,434540.0,2013,32,NL,0.0,0.0,0.0,0.0,0.31,0.31,0.0,403,440,94,51,26,2,15,101,31,23.0,7.0,0.233,0.419,0.289,0.708
5246,Bryan Holaday,592407.0,2013,26,AL,0.0,0.0,0.0,0.0,0.31,0.31,0.0,27,33,8,6,1,0,1,3,2,9.1,6.1,0.296,0.444,0.333,0.778
5260,Chris Dickerson,447736.0,2013,31,AL,0.0,0.0,0.0,0.0,0.31,0.31,0.0,105,109,25,16,5,0,4,36,4,33.0,3.7,0.238,0.4,0.266,0.666
5269,Andrew Brown,518500.0,2013,29,NL,0.0,0.0,0.0,0.0,0.31,0.31,0.0,150,165,34,22,5,0,7,44,13,26.7,7.9,0.227,0.4,0.285,0.685
5353,Ryan Hanigan,452672.0,2013,33,NL,0.0,0.0,0.0,0.0,0.28,0.28,0.0,222,260,44,34,8,0,2,27,29,10.4,11.2,0.198,0.261,0.304,0.565
5359,Cole Gillespie,502261.0,2013,29,NL,0.0,0.0,0.0,0.0,0.28,0.28,0.0,59,69,12,10,2,0,0,13,7,18.8,10.1,0.203,0.237,0.29,0.527
5370,Delmon Young,430321.0,2013,28,AL,0.0,0.0,0.0,0.0,0.27,0.27,0.0,334,361,87,60,16,0,11,78,20,21.6,5.5,0.26,0.407,0.307,0.715
5387,Jaime Garcia,448802.0,2013,27,NL,0.0,0.0,0.0,0.0,0.26999999999999996,-0.32,0.59,21,21,0,0,0,0,0,10,0,47.6,0.0,0.0,0.0,0.0,0.0
5402,Miguel Tejada,123173.0,2013,39,AL,0.0,0.0,0.0,0.0,0.26,0.26,0.0,156,167,45,37,5,0,3,25,6,15.0,3.6,0.288,0.378,0.311,0.69
5416,Hector Gimenez,430591.0,2013,31,AL,0.0,0.0,0.0,0.0,0.26,0.26,0.0,68,80,13,7,4,0,2,22,7,27.5,8.8,0.191,0.338,0.275,0.613
5442,Jeanmar Gomez,491646.0,2013,25,NL,0.0,0.0,0.0,0.0,0.25,-0.09,0.34,13,13,1,1,0,0,0,9,0,69.2,0.0,0.077,0.077,0.077,0.154
5445,Miguel Montero,471083.0,2013,30,NL,0.0,0.0,0.0,0.0,0.25,0.25,0.0,413,475,95,70,14,0,11,110,51,23.2,10.7,0.23,0.344,0.318,0.662
5449,Adam Dunn,276055.0,2013,34,AL,0.0,0.0,0.0,0.0,0.24,0.24,0.0,525,607,115,66,15,0,34,189,76,31.1,12.5,0.219,0.442,0.32,0.762
5460,Alex Presley,502100.0,2013,28,NL,0.0,0.0,0.0,0.0,0.24,0.24,0.0,185,195,51,41,5,2,3,39,9,20.0,4.6,0.276,0.373,0.313,0.686
5464,Joey Butler,542994.0,2013,27,AL,0.0,0.0,0.0,0.0,0.24,0.24,0.0,12,15,4,2,2,0,0,6,3,40.0,20.0,0.333,0.5,0.467,0.967
5467,Juan Francisco,464433.0,2013,26,NL,0.0,0.0,0.0,0.0,0.24,0.24,0.0,348,385,79,48,12,1,18,138,32,35.8,8.3,0.227,0.422,0.296,0.719
5492,Avisail Garcia,541645.0,2013,22,AL,0.0,0.0,0.0,0.0,0.23,0.23,0.0,244,256,69,52,7,3,7,59,9,23.0,3.5,0.283,0.422,0.309,0.731
5508,Wandy Rodriguez,434643.0,2013,34,NL,0.0,0.0,0.0,0.0,0.23,-0.16,0.39,22,24,2,2,0,0,0,8,0,33.3,0.0,0.091,0.091,0.083,0.174
5523,Abraham Almonte,501659.0,2013,24,AL,0.0,0.0,0.0,0.0,0.23,0.23,0.0,72,82,19,13,4,0,2,21,6,25.6,7.3,0.264,0.403,0.305,0.708
5524,Anthony Gose,543238.0,2013,23,AL,0.0,0.0,0.0,0.0,0.23,0.23,0.0,147,153,38,25,6,5,2,37,5,24.2,3.3,0.259,0.408,0.281,0.689
5535,Clint Barmes,425549.0,2013,34,NL,0.0,0.0,0.0,0.0,0.22,0.22,0.0,304,330,64,44,15,0,5,70,14,21.2,4.2,0.211,0.309,0.242,0.552
5578,Robbie Erlin,572362.0,2013,23,NL,0.0,0.0,0.0,0.0,0.21,-0.04,0.25,16,19,1,1,0,0,0,5,1,26.3,5.3,0.063,0.063,0.105,0.168
5604,Matt Davidson,571602.0,2013,22,NL,0.0,0.0,0.0,0.0,0.21,0.21,0.0,76,87,18,9,6,0,3,24,10,27.6,11.5,0.237,0.434,0.333,0.768
5615,Jake Marisnick,545350.0,2013,22,NL,0.0,0.0,0.0,0.0,0.2,0.2,0.0,109,118,20,16,2,1,1,27,6,22.9,5.1,0.183,0.248,0.229,0.477
5626,Zach Lutz,518963.0,2013,27,NL,0.0,0.0,0.0,0.0,0.2,0.2,0.0,20,26,6,4,2,0,0,6,6,23.1,23.1,0.3,0.4,0.462,0.862
5653,Cody Asche,605125.0,2013,23,NL,0.0,0.0,0.0,0.0,0.19,0.19,0.0,162,179,38,24,8,1,5,43,15,24.0,8.4,0.235,0.389,0.302,0.691
5654,Luke Scott,432928.0,2013,35,AL,0.0,0.0,0.0,0.0,0.19,0.19,0.0,253,291,61,37,13,2,9,63,30,21.6,10.3,0.241,0.415,0.326,0.741
5673,Hector Sanchez,516949.0,2013,24,NL,0.0,0.0,0.0,0.0,0.19,0.19,0.0,129,140,32,25,4,0,3,29,7,20.7,5.0,0.248,0.349,0.3,0.649
5675,Cesar Izturis,285131.0,2013,33,NL,0.0,0.0,0.0,0.0,0.19,0.19,0.0,129,142,27,19,8,0,0,13,9,9.2,6.3,0.209,0.271,0.254,0.525
5681,Ramon Hernandez,150421.0,2013,37,NL,0.0,0.0,0.0,0.0,0.19,0.19,0.0,48,55,10,5,2,0,3,7,6,12.7,10.9,0.208,0.438,0.291,0.728
5691,Joe Mahoney,518977.0,2013,26,NL,0.0,0.0,0.0,0.0,0.18,0.18,0.0,29,29,8,6,1,0,1,4,0,13.8,0.0,0.276,0.414,0.276,0.69
5728,Francisco Peguero,501317.0,2013,25,NL,0.0,0.0,0.0,0.0,0.17,0.17,0.0,29,30,6,4,1,0,1,2,1,6.7,3.3,0.207,0.345,0.233,0.578
5734,Ryan Roberts,440251.0,2013,33,AL,0.0,0.0,0.0,0.0,0.17,0.17,0.0,162,173,40,29,6,0,5,39,11,22.5,6.4,0.247,0.377,0.295,0.671
5745,Chris Owings,572008.0,2013,22,NL,0.0,0.0,0.0,0.0,0.17,0.17,0.0,55,61,16,11,5,0,0,10,6,16.4,9.8,0.291,0.382,0.361,0.742
5768,Kirk Nieuwenhuis,543590.0,2013,26,NL,0.0,0.0,0.0,0.0,0.17,0.17,0.0,95,108,18,11,3,1,3,32,12,29.6,11.1,0.189,0.337,0.278,0.615
5820,Clete Thomas,460004.0,2013,30,AL,0.0,0.0,0.0,0.0,0.16,0.16,0.0,290,322,62,43,15,0,4,92,30,28.6,9.3,0.214,0.307,0.289,0.596
5823,Brett Hayes,451109.0,2013,29,AL,0.0,0.0,0.0,0.0,0.16,0.16,0.0,18,18,5,1,3,0,1,3,0,16.7,0.0,0.278,0.611,0.278,0.889
5828,Tom Gorzelanny,452733.0,2013,31,NL,0.0,0.0,0.0,0.0,0.15,-0.15,0.3,17,18,1,1,0,0,0,9,0,50.0,0.0,0.059,0.059,0.056,0.114
5839,Leury Garcia,544725.0,2013,22,AL,0.0,0.0,0.0,0.0,0.15,0.15,0.0,101,111,20,18,1,1,0,34,7,30.6,6.3,0.198,0.228,0.243,0.471
5850,Yamaico Navarro,501605.0,2013,26,AL,0.0,0.0,0.0,0.0,0.15,0.15,0.0,28,31,8,7,0,1,0,8,2,25.8,6.5,0.286,0.357,0.323,0.68
5866,Chris Parmelee,476633.0,2013,25,AL,0.0,0.0,0.0,0.0,0.15,0.15,0.0,294,333,67,46,13,0,8,81,33,24.3,9.9,0.228,0.354,0.309,0.663
5886,Ian Kennedy,453178.0,2013,29,NL,0.0,0.0,0.0,0.0,0.14,0.16,-0.02,53,64,7,4,3,0,0,28,5,43.8,7.8,0.132,0.189,0.188,0.376
5887,Devin Mesoraco,519023.0,2013,25,NL,0.0,0.0,0.0,0.0,0.14,0.14,0.0,323,352,77,55,13,0,9,61,24,17.3,6.8,0.238,0.362,0.287,0.649
5893,Jonathan Herrera,468406.0,2013,29,NL,0.0,0.0,0.0,0.0,0.14,0.14,0.0,195,215,57,47,7,2,1,24,14,11.2,6.5,0.292,0.364,0.33,0.694
5896,Melky Cabrera,466320.0,2013,29,AL,0.0,0.0,0.0,0.0,0.14,0.14,0.0,344,372,96,76,15,2,3,47,23,12.6,6.2,0.279,0.36,0.32,0.68
5900,Juan Centeno,518542.0,2013,24,NL,0.0,0.0,0.0,0.0,0.14,0.14,0.0,10,10,3,3,0,0,0,1,0,10.0,0.0,0.3,0.3,0.3,0.6
5901,Todd Helton,115732.0,2013,40,NL,0.0,0.0,0.0,0.0,0.14,0.14,0.0,397,442,99,61,22,1,15,87,40,19.7,9.0,0.249,0.423,0.314,0.738
5915,Taylor Jordan,518863.0,2013,24,NL,0.0,0.0,0.0,0.0,0.13999999999999999,0.15,-0.01,14,18,2,2,0,0,0,3,0,16.7,0.0,0.143,0.143,0.111,0.254
5919,Edinson Volquez,450172.0,2013,30,NL,0.0,0.0,0.0,0.0,0.13,0.08,0.05,42,52,5,3,1,0,1,23,1,44.2,1.9,0.119,0.214,0.115,0.33
5930,Derek Dietrich,518618.0,2013,24,NL,0.0,0.0,0.0,0.0,0.13,0.13,0.0,215,233,46,25,10,2,9,56,11,24.0,4.7,0.214,0.405,0.275,0.679
5934,Michael Choice,574831.0,2013,24,AL,0.0,0.0,0.0,0.0,0.13,0.13,0.0,18,19,5,4,1,0,0,6,1,31.6,5.3,0.278,0.333,0.316,0.649
5942,Brennan Boesch,453269.0,2013,28,AL,0.0,0.0,0.0,0.0,0.13,0.13,0.0,51,53,14,8,2,1,3,9,2,17.0,3.8,0.275,0.529,0.302,0.831
5966,Kevin Frandsen,435623.0,2013,31,NL,0.0,0.0,0.0,0.0,0.13,0.13,0.0,252,278,59,43,10,1,5,29,12,10.4,4.3,0.234,0.341,0.295,0.636
5972,Josh Harrison,543281.0,2013,26,NL,0.0,0.0,0.0,0.0,0.12,0.11,0.01,88,95,22,16,1,2,3,10,2,10.5,2.1,0.25,0.409,0.284,0.693
5975,Ryan Lavarnway,543432.0,2013,26,AL,0.0,0.0,0.0,0.0,0.12,0.12,0.0,77,82,23,15,7,0,1,17,2,20.7,2.4,0.299,0.429,0.329,0.758
6033,Engel Beltre,520976.0,2013,24,AL,0.0,0.0,0.0,0.0,0.11,0.11,0.0,40,42,10,9,1,0,0,5,0,11.9,0.0,0.25,0.275,0.262,0.537
6058,Justin Sellers,451088.0,2013,27,NL,0.0,0.0,0.0,0.0,0.1,0.1,0.0,69,77,13,11,1,0,1,20,5,26.0,6.5,0.188,0.246,0.26,0.506
6072,Brett Wallace,477165.0,2013,27,AL,0.0,0.0,0.0,0.0,0.1,0.1,0.0,262,285,58,30,14,1,13,104,18,36.5,6.3,0.221,0.431,0.284,0.716
6096,Dan Haren,429717.0,2013,33,NL,0.0,0.0,0.0,0.0,0.09999999999999999,0.18,-0.08,47,55,8,5,3,0,0,17,1,30.9,1.8,0.17,0.234,0.182,0.416
6136,Adam Moore,446192.0,2013,29,AL,0.0,0.0,0.0,0.0,0.09,0.09,0.0,10,11,3,2,1,0,0,2,1,18.2,9.1,0.3,0.4,0.364,0.764
6147,Tim Federowicz,543148.0,2013,26,NL,0.0,0.0,0.0,0.0,0.09,0.09,0.0,160,173,37,25,8,0,4,56,10,32.4,5.8,0.231,0.356,0.272,0.628
6163,Darnell McDonald,150021.0,2013,35,NL,0.0,0.0,0.0,0.0,0.08,0.08,0.0,53,57,16,11,4,0,1,8,4,14.0,7.0,0.302,0.434,0.351,0.785
6168,Ehire Adrianza,501303.0,2013,24,NL,0.0,0.0,0.0,0.0,0.08,0.08,0.0,18,20,4,2,1,0,1,5,1,25.0,5.0,0.222,0.444,0.25,0.694
6171,Melky Mesa,444859.0,2013,26,AL,0.0,0.0,0.0,0.0,0.08,0.08,0.0,13,14,5,3,2,0,0,2,1,14.3,7.1,0.385,0.538,0.429,0.967
6177,Jon Garland,279782.0,2013,34,NL,0.0,0.0,0.0,0.0,0.08,0.02,0.06,19,21,3,2,1,0,0,5,0,23.8,0.0,0.158,0.211,0.143,0.353
6179,Jim Adduci,451192.0,2013,28,AL,0.0,0.0,0.0,0.0,0.08,0.08,0.0,31,34,8,7,1,0,0,9,3,26.5,8.8,0.258,0.29,0.324,0.614
6180,Corey Brown,446395.0,2013,28,NL,0.0,0.0,0.0,0.0,0.08,0.08,0.0,12,15,2,0,1,0,1,4,3,26.7,20.0,0.167,0.5,0.333,0.833
6184,Tyler Pastornicky,543629.0,2013,24,NL,0.0,0.0,0.0,0.0,0.08,0.08,0.0,30,33,9,8,1,0,0,5,1,15.2,3.0,0.3,0.333,0.303,0.636
6203,Johnny Giavotella,543213.0,2013,26,AL,0.0,0.0,0.0,0.0,0.07,0.07,0.0,41,48,9,6,3,0,0,4,5,8.3,10.4,0.22,0.293,0.333,0.626
6213,Jose Ramirez,608070.0,2013,21,AL,0.0,0.0,0.0,0.0,0.07,0.07,0.0,12,14,4,3,0,1,0,2,2,14.3,14.3,0.333,0.5,0.429,0.929
6220,Brett Pill,489209.0,2013,29,NL,0.0,0.0,0.0,0.0,0.07,0.07,0.0,85,92,19,12,4,0,3,17,5,18.5,5.4,0.224,0.376,0.272,0.648
6224,Cameron Rupp,519237.0,2013,25,NL,0.0,0.0,0.0,0.0,0.07,0.07,0.0,13,14,4,3,1,0,0,4,1,28.6,7.1,0.308,0.385,0.357,0.742
6243,Tony Sanchez,506997.0,2013,25,NL,0.0,0.0,0.0,0.0,0.06,0.06,0.0,60,66,14,8,4,0,2,14,3,21.2,4.5,0.233,0.4,0.288,0.688
6250,Donovan Solano,456781.0,2013,26,NL,0.0,0.0,0.0,0.0,0.06,0.06,0.0,361,395,90,73,13,1,3,57,23,14.4,5.8,0.249,0.316,0.304,0.62
6269,Luis Cruz,458501.0,2013,29,AL,0.0,0.0,0.0,0.0,0.06,0.06,0.0,173,187,25,21,3,0,1,33,6,17.6,3.2,0.145,0.179,0.187,0.366
6278,Kevin Pillar,607680.0,2013,24,AL,0.0,0.0,0.0,0.0,0.06,0.06,0.0,102,110,21,14,4,0,3,29,4,26.4,3.6,0.206,0.333,0.245,0.579
6282,Jurickson Profar,595777.0,2013,20,AL,0.0,0.0,0.0,0.0,0.06,0.06,0.0,286,324,67,50,11,0,6,63,26,19.4,8.0,0.234,0.336,0.302,0.638
6300,Wilkin Ramirez,457133.0,2013,28,AL,0.0,0.0,0.0,0.0,0.05,0.05,0.0,81,87,22,15,6,1,0,23,3,26.4,3.4,0.272,0.37,0.299,0.669
6315,Ezequiel Carrera,485567.0,2013,26,AL,0.0,0.0,0.0,0.0,0.05,0.05,0.0,17,21,3,3,0,0,0,5,1,23.8,4.8,0.176,0.176,0.286,0.462
6335,Ryan Langerhans,407798.0,2013,33,AL,0.0,0.0,0.0,0.0,0.04,0.04,0.0,11,13,3,3,0,0,0,2,2,15.4,15.4,0.273,0.273,0.385,0.657
6338,L.J. Hoes,543321.0,2013,23,AL,0.0,0.0,0.0,0.0,0.04,0.04,0.0,170,184,48,38,7,2,1,35,12,19.0,6.5,0.282,0.365,0.332,0.696
6371,Eduardo Escobar,500871.0,2013,24,AL,0.0,0.0,0.0,0.0,0.04,0.04,0.0,165,179,39,29,5,2,3,34,11,19.0,6.1,0.236,0.345,0.279,0.625
6375,J.C. Boscan,400268.0,2013,34,NL,0.0,0.0,0.0,0.0,0.03,0.03,0.0,9,10,2,1,1,0,0,2,0,20.0,0.0,0.222,0.333,0.3,0.633
6381,Darin Ruf,573131.0,2013,27,NL,0.0,0.0,0.0,0.0,0.03,0.03,0.0,251,293,62,37,11,0,14,91,33,31.1,11.3,0.247,0.458,0.348,0.806
6384,Jose Molina,150040.0,2013,38,AL,0.0,0.0,0.0,0.0,0.03,0.03,0.0,283,313,66,50,14,0,2,63,22,20.1,7.0,0.233,0.304,0.288,0.591
6441,John Ryan Murphy,571974.0,2013,22,AL,0.0,0.0,0.0,0.0,0.02,0.02,0.0,26,27,4,3,1,0,0,9,1,33.3,3.7,0.154,0.192,0.185,0.377
6444,Pedro Ciriaco,465674.0,2013,28,AL,0.0,0.0,0.0,0.0,0.02,0.02,0.0,125,137,28,20,4,2,2,23,9,16.8,6.6,0.224,0.336,0.277,0.613
6472,Kelly Shoppach,431159.0,2013,33,AL,0.0,0.0,0.0,0.0,0.02,0.02,0.0,109,127,21,11,7,0,3,46,12,36.2,9.4,0.193,0.339,0.283,0.623
6479,Chris Snyder,430965.0,2013,32,AL,0.0,0.0,0.0,0.0,0.02,0.02,0.0,20,24,2,2,0,0,0,7,4,29.2,16.7,0.1,0.1,0.25,0.35
6485,Chris Colabello,499624.0,2013,30,AL,0.0,0.0,0.0,0.0,0.02,0.02,0.0,160,181,31,21,3,0,7,58,20,32.0,11.0,0.194,0.344,0.287,0.631
6504,Grant Green,502205.0,2013,26,AL,0.0,0.0,0.0,0.0,0.01,0.01,0.0,140,153,35,25,8,1,1,44,10,28.8,6.5,0.25,0.343,0.301,0.644
6542,Alex Rodriguez,121347.0,2013,38,AL,0.0,0.0,0.0,0.0,0.01,0.01,0.0,156,181,38,24,7,0,7,43,23,23.8,12.7,0.244,0.423,0.348,0.771
6555,Daisuke Matsuzaka,493137.0,2013,33,NL,0.0,0.0,0.0,0.0,0.009999999999999998,0.03,-0.02,12,13,3,3,0,0,0,5,0,38.5,0.0,0.25,0.25,0.231,0.481
6557,Ross Detwiler,446321.0,2013,27,NL,0.0,0.0,0.0,0.0,0.009999999999999981,-0.14,0.15,22,25,2,2,0,0,0,17,1,68.0,4.0,0.091,0.091,0.12,0.211
6588,John McDonald,150348.0,2013,39,NL,0.0,0.0,0.0,0.0,0.0,-0.01,0.01,69,77,8,6,1,0,1,16,6,20.8,7.8,0.116,0.174,0.195,0.369
6616,Adam Rosales,489267.0,2013,30,AL,0.0,0.0,0.0,0.0,0.0,0.0,0.0,147,166,28,18,5,0,5,34,10,20.5,6.0,0.19,0.327,0.253,0.58
6624,Chris Robinson,460101.0,2013,29,NL,0.0,0.0,0.0,0.0,-0.01,-0.01,0.0,12,12,2,1,0,0,1,3,0,25.0,0.0,0.167,0.417,0.167,0.583
6632,Wilfredo Tovar,541600.0,2013,22,NL,0.0,0.0,0.0,0.0,-0.01,-0.01,0.0,15,19,3,3,0,0,0,3,1,15.8,5.3,0.2,0.2,0.263,0.463
6663,Rick Ankiel,150449.0,2013,34,AL,0.0,0.0,0.0,0.0,-0.01,-0.01,0.0,128,136,24,9,7,1,7,60,8,44.1,5.9,0.188,0.422,0.235,0.657
6712,Jonathan Schoop,570731.0,2013,22,AL,0.0,0.0,0.0,0.0,-0.02,-0.02,0.0,14,15,4,3,0,0,1,2,1,13.3,6.7,0.286,0.5,0.333,0.833
6732,Lyle Overbay,407489.0,2013,36,AL,0.0,0.0,0.0,0.0,-0.03,-0.03,0.0,445,485,107,68,24,1,14,111,36,22.9,7.4,0.24,0.393,0.295,0.688
6764,Logan Forsythe,523253.0,2013,26,NL,0.0,0.0,0.0,0.0,-0.03,-0.03,0.0,220,243,47,34,6,1,6,54,19,22.2,7.8,0.214,0.332,0.28,0.612
6791,Reed Johnson,407862.0,2013,37,NL,0.0,0.0,0.0,0.0,-0.04,-0.04,0.0,123,136,30,21,7,1,1,32,6,23.5,4.4,0.244,0.341,0.309,0.65
6793,Julio Borbon,474865.0,2013,27,AL,0.0,0.0,0.0,0.0,-0.04,-0.04,0.0,105,118,21,16,3,1,1,22,12,18.6,10.2,0.2,0.276,0.28,0.556
6794,Brent Morel,543569.0,2013,26,AL,0.0,0.0,0.0,0.0,-0.04,-0.04,0.0,25,30,5,5,0,0,0,7,5,23.3,16.7,0.2,0.2,0.333,0.533
6826,Tony Campana,542999.0,2013,27,NL,0.0,0.0,0.0,0.0,-0.04,-0.04,0.0,46,54,12,11,0,1,0,14,8,25.9,14.8,0.261,0.304,0.37,0.675
6840,Chris Stewart,455755.0,2013,31,AL,0.0,0.0,0.0,0.0,-0.05,-0.05,0.0,294,340,62,52,6,0,4,49,30,14.4,8.8,0.211,0.272,0.288,0.56
6858,Tyler Lyons,544928.0,2013,25,NL,0.0,0.0,0.0,0.0,-0.05,-0.04,-0.01,12,13,2,2,0,0,0,4,0,30.8,0.0,0.167,0.167,0.154,0.321
6873,Travis Hafner,400098.0,2013,36,AL,0.0,0.0,0.0,0.0,-0.05,-0.05,0.0,262,299,53,32,8,1,12,79,32,26.4,10.7,0.202,0.378,0.301,0.679
6874,Miguel Olivo,400018.0,2013,35,NL,0.0,0.0,0.0,0.0,-0.05,-0.05,0.0,74,80,15,9,2,0,4,23,5,28.8,6.3,0.203,0.392,0.25,0.642
6889,J.P. Arencibia,450317.0,2013,27,AL,0.0,0.0,0.0,0.0,-0.06,-0.06,0.0,474,497,92,53,18,0,21,148,18,29.8,3.6,0.194,0.365,0.227,0.592
6892,Jesus Guzman,461882.0,2013,29,NL,0.0,0.0,0.0,0.0,-0.06,-0.06,0.0,288,318,65,39,17,0,9,79,27,24.8,8.5,0.226,0.378,0.296,0.674
6911,Trevor Crowe,460067.0,2013,30,AL,0.0,0.0,0.0,0.0,-0.06,-0.06,0.0,165,181,36,27,7,1,1,39,16,21.5,8.8,0.218,0.291,0.287,0.578
6913,Ronny Cedeno,430592.0,2013,30,NL,0.0,0.0,0.0,0.0,-0.06,-0.06,0.0,264,288,64,50,8,3,3,73,14,25.3,4.9,0.242,0.33,0.281,0.611
6926,Jason Kubel,430585.0,2013,31,AL,0.0,0.0,0.0,0.0,-0.06,-0.06,0.0,259,290,56,41,9,1,5,92,29,31.7,10.0,0.216,0.317,0.293,0.61
6936,Steve Clevenger,502182.0,2013,27,NL,0.0,0.0,0.0,0.0,-0.06,-0.06,0.0,23,24,5,4,1,0,0,5,1,20.8,4.2,0.217,0.261,0.25,0.511
6941,Tony Abreu,473234.0,2013,29,NL,0.0,0.0,0.0,0.0,-0.06,-0.06,0.0,138,147,37,20,12,3,2,33,6,22.4,4.1,0.268,0.442,0.299,0.741
6947,Dee Strange-Gordon,543829.0,2013,25,NL,0.0,0.0,0.0,0.0,-0.07,-0.07,0.0,94,106,22,19,1,1,1,21,10,19.8,9.4,0.234,0.298,0.311,0.609
6962,Drew Butera,460077.0,2013,30,AL,0.0,0.0,0.0,0.0,-0.07,-0.07,0.0,10,10,1,1,0,0,0,5,0,50.0,0.0,0.1,0.1,0.1,0.2
6984,Matt Diaz,429841.0,2013,35,NL,0.0,0.0,0.0,0.0,-0.07,-0.07,0.0,18,19,3,2,1,0,0,3,1,15.8,5.3,0.167,0.222,0.211,0.433
6988,Thomas Neal,489166.0,2013,26,NL,0.0,0.0,0.0,0.0,-0.07,-0.07,0.0,15,17,2,2,0,0,0,4,1,23.5,5.9,0.133,0.133,0.235,0.369
7006,Jason Bourgeois,430652.0,2013,31,AL,0.0,0.0,0.0,0.0,-0.08,-0.08,0.0,16,18,3,2,0,0,1,4,2,22.2,11.1,0.188,0.375,0.278,0.653
7026,Vernon Wells,150484.0,2013,35,AL,0.0,0.0,0.0,0.0,-0.08,-0.08,0.0,424,458,99,72,16,0,11,73,30,15.9,6.6,0.233,0.349,0.282,0.631
7028,Carlos Pena,150289.0,2013,35,AL,0.0,0.0,0.0,0.0,-0.08,-0.08,0.0,280,328,58,36,13,1,8,92,43,28.0,13.1,0.207,0.346,0.32,0.667
7063,John Baker,434633.0,2013,32,NL,0.0,0.0,0.0,0.0,-0.09,-0.09,0.0,40,46,6,6,0,0,0,12,6,26.1,13.0,0.15,0.15,0.261,0.411
7083,Lucas Duda,446263.0,2013,27,NL,0.0,0.0,0.0,0.0,-0.09,-0.09,0.0,318,384,71,40,16,0,15,102,55,26.6,14.3,0.223,0.415,0.352,0.767
7125,Michael Young,276545.0,2013,37,NL,0.0,0.0,0.0,0.0,-0.1,-0.1,0.0,519,565,145,106,26,5,8,83,43,14.7,7.6,0.279,0.395,0.335,0.73
7134,Jamey Carroll,425206.0,2013,39,AL,0.0,0.0,0.0,0.0,-0.1,-0.13,0.03,227,249,48,39,9,0,0,39,17,15.7,6.8,0.211,0.251,0.265,0.516
7141,Wil Nieves,408242.0,2013,36,NL,0.0,0.0,0.0,0.0,-0.1,-0.1,0.0,195,206,58,46,11,0,1,32,8,15.5,3.9,0.297,0.369,0.32,0.69
7148,Stephen Fife,543155.0,2013,27,NL,0.0,0.0,0.0,0.0,-0.10999999999999999,-0.15,0.04,17,18,1,1,0,0,0,12,1,66.7,5.6,0.059,0.059,0.111,0.17
7151,Casper Wells,489413.0,2013,29,AL,0.0,0.0,0.0,0.0,-0.10999999999999999,-0.15,0.04,95,102,12,10,2,0,0,31,7,30.4,6.9,0.126,0.147,0.186,0.334
7152,Roger Bernadina,465668.0,2013,29,NL,0.0,0.0,0.0,0.0,-0.11,-0.11,0.0,227,250,41,25,10,2,4,65,16,26.0,6.4,0.181,0.295,0.248,0.543
7155,Alberto Gonzalez,471868.0,2013,30,AL,0.0,0.0,0.0,0.0,-0.11,-0.12,0.01,57,60,11,8,2,0,1,12,2,20.0,3.3,0.193,0.281,0.217,0.497
7156,Tyler Flowers,452095.0,2013,27,AL,0.0,0.0,0.0,0.0,-0.11,-0.11,0.0,256,275,50,29,11,0,10,94,14,34.2,5.1,0.195,0.355,0.247,0.603
7161,Henry Rodriguez,514719.0,2013,23,NL,0.0,0.0,0.0,0.0,-0.11,-0.11,0.0,9,10,1,1,0,0,0,4,1,40.0,10.0,0.111,0.111,0.2,0.311
7205,Tyler Skaggs,572140.0,2013,22,NL,0.0,0.0,0.0,0.0,-0.12,0.12,-0.24,10,13,2,2,0,0,0,5,0,38.5,0.0,0.2,0.2,0.154,0.354
7212,Jordan Brown,488740.0,2013,30,NL,0.0,0.0,0.0,0.0,-0.12,-0.12,0.0,15,17,3,2,1,0,0,1,1,5.9,5.9,0.2,0.267,0.235,0.502
7235,Juan Pierre,334393.0,2013,36,NL,0.0,0.0,0.0,0.0,-0.12,-0.12,0.0,308,330,76,62,11,2,1,27,13,8.2,3.9,0.247,0.305,0.279,0.584
7249,Jose Constanza,468429.0,2013,30,NL,0.0,0.0,0.0,0.0,-0.13,-0.13,0.0,31,31,8,8,0,0,0,5,0,16.1,0.0,0.258,0.258,0.258,0.516
7260,Donald Lutz,544371.0,2013,24,NL,0.0,0.0,0.0,0.0,-0.13,-0.13,0.0,58,59,14,12,1,0,1,14,1,23.7,1.7,0.241,0.31,0.254,0.565
7329,Joey Terdoslavich,519345.0,2013,25,NL,0.0,0.0,0.0,0.0,-0.14,-0.14,0.0,79,92,17,13,4,0,0,24,12,26.1,13.0,0.215,0.266,0.315,0.581
7333,Nick Green,407797.0,2013,35,NL,0.0,0.0,0.0,0.0,-0.14,-0.14,0.0,55,65,13,10,2,0,1,14,3,21.5,4.6,0.236,0.327,0.292,0.62
7334,Lance Berkman,204020.0,2013,37,AL,0.0,0.0,0.0,0.0,-0.14,-0.14,0.0,256,294,62,45,10,1,6,52,38,17.7,12.9,0.242,0.359,0.34,0.7
7382,Travis Ishikawa,448170.0,2013,30,AL,0.0,0.0,0.0,0.0,-0.15,-0.15,0.0,19,20,2,2,0,0,0,10,1,50.0,5.0,0.105,0.105,0.15,0.255
7384,Chris Coghlan,458085.0,2013,28,NL,0.0,0.0,0.0,0.0,-0.15,-0.15,0.0,195,214,50,36,10,3,1,43,17,20.1,7.9,0.256,0.354,0.318,0.672
7425,Martin Maldonado,455117.0,2013,27,NL,0.0,0.0,0.0,0.0,-0.16,-0.16,0.0,183,202,31,19,7,1,4,53,13,26.2,6.4,0.169,0.284,0.233,0.517
7427,Robinson Chirinos,455139.0,2013,29,AL,0.0,0.0,0.0,0.0,-0.16,-0.16,0.0,28,30,5,2,3,0,0,6,2,20.0,6.7,0.179,0.286,0.233,0.519
7433,Mike Baxter,488689.0,2013,29,NL,0.0,0.0,0.0,0.0,-0.16,-0.16,0.0,132,155,25,18,6,1,0,28,17,18.1,11.0,0.189,0.25,0.303,0.553
7472,Jaff Decker,543094.0,2013,23,NL,0.0,0.0,0.0,0.0,-0.17,-0.17,0.0,26,31,4,3,0,0,1,4,3,12.9,9.7,0.154,0.269,0.226,0.495
7474,Eric Hinske,400134.0,2013,36,NL,0.0,0.0,0.0,0.0,-0.17,-0.17,0.0,52,58,9,5,3,0,1,17,6,29.3,10.3,0.173,0.288,0.259,0.547
7487,Jackie Bradley Jr.,598265.0,2013,23,AL,0.0,0.0,0.0,0.0,-0.17,-0.17,0.0,95,107,18,10,5,0,3,31,10,29.0,9.3,0.189,0.337,0.28,0.617
7491,Alexi Amarista,506560.0,2013,24,NL,0.0,0.0,0.0,0.0,-0.17,-0.17,0.0,368,396,87,64,14,4,5,57,22,14.4,5.6,0.236,0.337,0.28,0.617
7500,Jesus Sucre,491696.0,2013,25,AL,0.0,0.0,0.0,0.0,-0.17,-0.17,0.0,26,29,5,5,0,0,0,1,2,3.4,6.9,0.192,0.192,0.241,0.434
7511,Hernan Perez,541650.0,2013,22,AL,0.0,0.0,0.0,0.0,-0.18,-0.18,0.0,66,71,13,12,0,1,0,15,2,21.1,2.8,0.197,0.227,0.211,0.439
7521,Brad Hawpe,425547.0,2013,34,AL,0.0,0.0,0.0,0.0,-0.18,-0.18,0.0,27,32,5,5,0,0,0,14,5,43.8,15.6,0.185,0.185,0.313,0.498
7551,Nick Castellanos,592206.0,2013,21,AL,0.0,0.0,0.0,0.0,-0.18,-0.18,0.0,18,18,5,5,0,0,0,1,0,5.6,0.0,0.278,0.278,0.278,0.556
7573,Blake Tekotte,493574.0,2013,26,AL,0.0,0.0,0.0,0.0,-0.19,-0.19,0.0,31,36,7,5,1,0,1,9,3,25.0,8.3,0.226,0.355,0.306,0.66
7590,Matt Pagnozzi,431166.0,2013,31,AL,0.0,0.0,0.0,0.0,-0.19,-0.19,0.0,21,22,3,3,0,0,0,3,1,13.6,4.5,0.143,0.143,0.182,0.325
7597,Chris Nelson,455126.0,2013,28,AL,0.0,0.0,0.0,0.0,-0.19,-0.19,0.0,211,227,48,37,4,4,3,66,13,29.1,5.7,0.227,0.327,0.273,0.6
7602,Pete Orr,434681.0,2013,34,NL,0.0,0.0,0.0,0.0,-0.19,-0.19,0.0,20,22,4,4,0,0,0,8,2,36.4,9.1,0.2,0.2,0.273,0.473
7633,Jeff Kobernus,571862.0,2013,25,NL,0.0,0.0,0.0,0.0,-0.2,-0.2,0.0,30,36,5,4,0,0,1,6,5,16.7,13.9,0.167,0.267,0.306,0.572
7640,Brent Lillibridge,452121.0,2013,30,AL,0.0,0.0,0.0,0.0,-0.2,-0.2,0.0,59,61,7,6,1,0,0,17,1,27.9,1.6,0.119,0.136,0.131,0.267
7657,Ike Davis,477195.0,2013,26,NL,0.0,0.0,0.0,0.0,-0.21,-0.21,0.0,317,377,65,42,14,0,9,101,57,26.8,15.1,0.205,0.334,0.326,0.661
7694,Austin Kearns,400290.0,2013,33,NL,0.0,0.0,0.0,0.0,-0.22,-0.22,0.0,27,31,5,5,0,0,0,8,4,25.8,12.9,0.185,0.185,0.29,0.476
7714,Mark Teixeira,407893.0,2013,33,AL,0.0,0.0,0.0,0.0,-0.22,-0.22,0.0,53,63,8,4,1,0,3,19,8,30.2,12.7,0.151,0.34,0.27,0.609
7734,Chris Getz,460051.0,2013,30,AL,0.0,0.0,0.0,0.0,-0.22,-0.22,0.0,209,237,46,38,6,1,1,24,20,10.1,8.4,0.22,0.273,0.278,0.551
7764,Scott Hairston,430668.0,2013,33,NL,0.0,0.0,0.0,0.0,-0.23,-0.23,0.0,157,174,30,15,5,0,10,44,9,25.3,5.2,0.191,0.414,0.236,0.65
7767,Andrew Lambo,518911.0,2013,25,NL,0.0,0.0,0.0,0.0,-0.23,-0.23,0.0,30,33,7,4,2,0,1,11,3,33.3,9.1,0.233,0.4,0.303,0.703
7784,David Murphy,461815.0,2013,32,AL,0.0,0.0,0.0,0.0,-0.23,-0.27,0.04,436,476,96,56,26,1,13,59,37,12.4,7.8,0.22,0.374,0.282,0.655
7819,Jordany Valdespin,518170.0,2013,26,NL,0.0,0.0,0.0,0.0,-0.24,-0.24,0.0,133,144,25,17,3,1,4,28,8,19.4,5.6,0.188,0.316,0.25,0.566
7843,Rob Johnson,453531.0,2013,31,NL,0.0,0.0,0.0,0.0,-0.25,-0.26,0.01,35,38,6,4,1,1,0,6,3,15.8,7.9,0.171,0.257,0.237,0.494
7870,Andres Torres,400083.0,2013,35,NL,0.0,0.0,0.0,0.0,-0.25,-0.25,0.0,272,300,68,48,17,1,2,61,22,20.3,7.3,0.25,0.342,0.3,0.642
7877,Adam Eaton,594809.0,2013,25,NL,0.0,0.0,0.0,0.0,-0.25,-0.25,0.0,250,277,63,46,10,4,3,44,17,15.9,6.1,0.252,0.36,0.31,0.67
7890,Brandon Beachy,545404.0,2013,27,NL,0.0,0.0,0.0,0.0,-0.26,0.02,-0.28,8,12,1,1,0,0,0,3,1,25.0,8.3,0.125,0.125,0.167,0.292
7902,Henry Urrutia,625329.0,2013,26,AL,0.0,0.0,0.0,0.0,-0.26,-0.26,0.0,58,58,16,15,0,1,0,11,0,19.0,0.0,0.276,0.31,0.276,0.586
7910,Jonathan Villar,542340.0,2013,22,AL,0.0,0.0,0.0,0.0,-0.26,-0.26,0.0,210,241,51,39,9,2,1,71,24,29.5,10.0,0.243,0.319,0.311,0.63
7921,Luke Montz,452215.0,2013,30,AL,0.0,0.0,0.0,0.0,-0.26,-0.26,0.0,28,30,5,1,3,0,1,8,1,26.7,3.3,0.179,0.393,0.2,0.593
7941,Jake Westbrook,150414.0,2013,36,NL,0.0,0.0,0.0,0.0,-0.27,0.26,-0.53,34,42,6,4,2,0,0,12,4,28.6,9.5,0.176,0.235,0.238,0.473
7947,Chris Herrmann,543302.0,2013,26,AL,0.0,0.0,0.0,0.0,-0.27,-0.27,0.0,157,178,32,21,7,0,4,49,18,27.5,10.1,0.204,0.325,0.281,0.606
7955,Erik Kratz,456124.0,2013,33,NL,0.0,0.0,0.0,0.0,-0.27,-0.27,0.0,197,218,42,26,7,0,9,45,18,20.6,8.3,0.213,0.386,0.28,0.666
7971,Logan Morrison,489149.0,2013,26,NL,0.0,0.0,0.0,0.0,-0.27,-0.27,0.0,293,333,71,48,13,4,6,56,38,16.8,11.4,0.242,0.375,0.333,0.709
7973,Chris McGuiness,573027.0,2013,25,AL,0.0,0.0,0.0,0.0,-0.27,-0.27,0.0,34,34,6,5,1,0,0,13,0,38.2,0.0,0.176,0.206,0.176,0.382
7991,Alex Liddi,499926.0,2013,25,AL,0.0,0.0,0.0,0.0,-0.28,-0.28,0.0,17,18,1,0,1,0,0,7,1,38.9,5.6,0.059,0.118,0.111,0.229
7992,Brock Holt,571788.0,2013,25,AL,0.0,0.0,0.0,0.0,-0.28,-0.28,0.0,59,72,12,10,2,0,0,4,7,5.6,9.7,0.203,0.237,0.264,0.501
8001,Dave Sappelt,543743.0,2013,26,NL,0.0,0.0,0.0,0.0,-0.28,-0.28,0.0,75,78,18,15,3,0,0,14,3,17.9,3.8,0.24,0.28,0.269,0.549
8015,Rey Fuentes,571681.0,2013,22,NL,0.0,0.0,0.0,0.0,-0.28,-0.28,0.0,33,36,5,5,0,0,0,16,3,44.4,8.3,0.152,0.152,0.222,0.374
8020,Jason Marquis,150302.0,2013,35,NL,0.0,0.0,0.0,0.0,-0.28,-0.13,-0.15,42,43,5,4,1,0,0,12,0,27.9,0.0,0.119,0.143,0.116,0.259
8038,Shelley Duncan,455167.0,2013,34,AL,0.0,0.0,0.0,0.0,-0.29,-0.29,0.0,55,64,10,7,1,0,2,14,9,21.9,14.1,0.182,0.309,0.297,0.606
8059,Freddy Galvis,520471.0,2013,24,NL,0.0,0.0,0.0,0.0,-0.29,-0.29,0.0,205,222,48,33,5,4,6,45,13,20.3,5.9,0.234,0.385,0.279,0.665
8064,Cody Clark,460612.0,2013,32,AL,0.0,0.0,0.0,0.0,-0.29,-0.29,0.0,38,40,4,3,1,0,0,15,1,37.5,2.5,0.105,0.132,0.125,0.257
8069,Chris Marrero,502029.0,2013,25,NL,0.0,0.0,0.0,0.0,-0.29,-0.29,0.0,16,16,2,2,0,0,0,4,0,25.0,0.0,0.125,0.125,0.125,0.25
8075,Tuffy Gosewisch,488912.0,2013,30,NL,0.0,0.0,0.0,0.0,-0.3,-0.3,0.0,45,47,8,6,2,0,0,8,0,17.0,0.0,0.178,0.222,0.17,0.392
8094,Logan Watkins,543894.0,2013,24,NL,0.0,0.0,0.0,0.0,-0.3,-0.3,0.0,38,42,8,7,1,0,0,14,3,33.3,7.1,0.211,0.237,0.262,0.499
8100,Josh Rutledge,592710.0,2013,24,NL,0.0,0.0,0.0,0.0,-0.3,-0.3,0.0,285,314,67,53,6,1,7,62,22,19.7,7.0,0.235,0.337,0.29,0.627
8101,Dan Uggla,462564.0,2013,33,NL,0.0,0.0,0.0,0.0,-0.3,-0.3,0.0,448,537,80,45,10,3,22,171,77,31.8,14.3,0.179,0.362,0.309,0.671
8108,Alex Castellanos,543008.0,2013,27,NL,0.0,0.0,0.0,0.0,-0.31,-0.31,0.0,18,18,3,1,1,0,1,5,0,27.8,0.0,0.167,0.389,0.167,0.556
8124,John Lannan,458709.0,2013,29,NL,0.0,0.0,0.0,0.0,-0.31,0.08,-0.39,21,25,4,3,1,0,0,11,2,44.0,8.0,0.19,0.238,0.24,0.478
8135,Travis d'Arnaud,518595.0,2013,24,NL,0.0,0.0,0.0,0.0,-0.31,-0.31,0.0,99,112,20,16,3,0,1,21,12,18.8,10.7,0.202,0.263,0.286,0.548
8161,Marc Krauss,571868.0,2013,26,AL,0.0,0.0,0.0,0.0,-0.32,-0.32,0.0,134,146,28,15,9,0,4,45,10,30.8,6.8,0.209,0.366,0.267,0.633
8162,Dewayne Wise,276547.0,2013,35,AL,0.0,0.0,0.0,0.0,-0.32,-0.32,0.0,64,66,15,11,3,0,1,14,2,21.2,3.0,0.234,0.328,0.258,0.586
8176,Roger Kieschnick,523261.0,2013,26,NL,0.0,0.0,0.0,0.0,-0.32,-0.32,0.0,84,95,17,16,0,1,0,29,11,30.5,11.6,0.202,0.226,0.295,0.521
8179,Reid Brignac,458582.0,2013,27,NL,0.0,0.0,0.0,0.0,-0.32,-0.32,0.0,92,98,17,12,4,0,1,30,4,30.6,4.1,0.185,0.261,0.214,0.475
8180,Brandon Laird,477186.0,2013,26,AL,0.0,0.0,0.0,0.0,-0.32,-0.32,0.0,71,76,12,4,3,0,5,26,3,34.2,3.9,0.169,0.423,0.224,0.646
8184,Charlie Culberson,518586.0,2013,24,NL,0.0,0.0,0.0,0.0,-0.32,-0.32,0.0,99,104,29,22,5,0,2,23,4,22.1,3.8,0.293,0.404,0.317,0.721
8192,Jeff Mathis,425772.0,2013,30,NL,0.0,0.0,0.0,0.0,-0.33,-0.33,0.0,232,256,42,29,7,1,5,76,21,29.7,8.2,0.181,0.284,0.25,0.534
8199,Laynce Nix,425556.0,2013,33,NL,0.0,0.0,0.0,0.0,-0.33,-0.33,0.0,128,136,23,17,4,0,2,44,8,32.4,5.9,0.18,0.258,0.228,0.486
8218,Nick Buss,502544.0,2013,27,NL,0.0,0.0,0.0,0.0,-0.33,-0.33,0.0,19,20,2,2,0,0,0,1,1,5.0,5.0,0.105,0.105,0.15,0.255
8220,Pete Kozma,518902.0,2013,25,NL,0.0,0.0,0.0,0.0,-0.33,-0.33,0.0,410,448,89,68,20,0,1,91,34,20.3,7.6,0.217,0.273,0.275,0.548
8225,Neftali Soto,519304.0,2013,24,NL,0.0,0.0,0.0,0.0,-0.33,-0.33,0.0,12,13,0,0,0,0,0,6,0,46.2,0.0,0.0,0.0,0.077,0.077
8245,Wilson Betemit,400140.0,2013,32,AL,0.0,0.0,0.0,0.0,-0.34,-0.34,0.0,10,10,0,0,0,0,0,3,0,30.0,0.0,0.0,0.0,0.0,0.0
8248,Nick Noonan,519082.0,2013,24,NL,0.0,0.0,0.0,0.0,-0.34,-0.34,0.0,105,111,23,21,2,0,0,24,6,21.6,5.4,0.219,0.238,0.261,0.499
8292,Kevin Youkilis,425903.0,2013,34,AL,0.0,0.0,0.0,0.0,-0.35,-0.35,0.0,105,118,23,14,7,0,2,31,8,26.3,6.8,0.219,0.343,0.305,0.648
8320,Greg Dobbs,425785.0,2013,35,NL,0.0,0.0,0.0,0.0,-0.36,-0.36,0.0,237,267,54,41,11,0,2,40,22,15.0,8.2,0.228,0.3,0.303,0.603
8330,Jason Pridie,445095.0,2013,30,AL,0.0,0.0,0.0,0.0,-0.36,-0.36,0.0,10,10,2,2,0,0,0,2,0,20.0,0.0,0.2,0.2,0.2,0.4
8338,Taylor Teagarden,460003.0,2013,30,AL,0.0,0.0,0.0,0.0,-0.36,-0.36,0.0,60,62,10,6,2,0,2,18,1,29.0,1.6,0.167,0.3,0.177,0.477
8339,Paul Maholm,430904.0,2013,31,NL,0.0,0.0,0.0,0.0,-0.36000000000000004,-0.02,-0.34,52,57,7,5,2,0,0,25,1,43.9,1.8,0.135,0.173,0.14,0.313
8344,Chris Young,455759.0,2013,30,AL,0.0,0.0,0.0,0.0,-0.37,-0.37,0.0,335,375,67,34,18,3,12,93,36,24.8,9.6,0.2,0.379,0.28,0.659
8356,Felix Pie,429712.0,2013,28,NL,0.0,0.0,0.0,0.0,-0.37,-0.37,0.0,29,31,4,3,1,0,0,13,2,41.9,6.5,0.138,0.172,0.194,0.366
8364,David Adams,458691.0,2013,26,AL,0.0,0.0,0.0,0.0,-0.37,-0.37,0.0,140,152,27,19,5,1,2,43,9,28.3,5.9,0.193,0.286,0.25,0.536
8377,Guillermo Quiroz,425565.0,2013,32,NL,0.0,0.0,0.0,0.0,-0.38,-0.38,0.0,86,95,16,8,7,0,1,21,5,22.1,5.3,0.186,0.302,0.232,0.534
8386,Bryan Anderson,457762.0,2013,27,AL,0.0,0.0,0.0,0.0,-0.38,-0.38,0.0,18,19,1,0,1,0,0,5,1,26.3,5.3,0.056,0.111,0.105,0.216
8402,Ben Francisco,450204.0,2013,32,AL,0.0,0.0,0.0,0.0,-0.39,-0.39,0.0,44,50,5,4,0,0,1,11,5,22.0,10.0,0.114,0.182,0.22,0.402
8410,Alfredo Marte,501245.0,2013,24,NL,0.0,0.0,0.0,0.0,-0.39,-0.39,0.0,43,48,8,5,3,0,0,12,4,25.0,8.3,0.186,0.256,0.271,0.527
8414,Tyler Greene,460022.0,2013,30,AL,0.0,0.0,0.0,0.0,-0.39,-0.39,0.0,54,57,12,8,2,1,1,19,3,33.3,5.3,0.222,0.352,0.263,0.615
8428,Nate Freiman,474384.0,2013,27,AL,0.0,0.0,0.0,0.0,-0.39,-0.39,0.0,190,208,52,39,8,1,4,31,14,14.9,6.7,0.274,0.389,0.327,0.716
8431,Paul Janish,457926.0,2013,31,NL,0.0,0.0,0.0,0.0,-0.39,-0.39,0.0,41,45,7,5,2,0,0,11,3,24.4,6.7,0.171,0.22,0.222,0.442
8444,Alex Sanabia,502253.0,2013,25,NL,0.0,0.0,0.0,0.0,-0.39999999999999997,-0.11,-0.29,16,18,1,1,0,0,0,7,1,38.9,5.6,0.063,0.063,0.111,0.174
8445,Sam Fuld,453539.0,2013,32,AL,0.0,0.0,0.0,0.0,-0.39999999999999997,-0.41,0.01,176,200,35,30,0,3,2,28,17,14.0,8.5,0.199,0.267,0.265,0.532
8447,Wade LeBlanc,453281.0,2013,29,AL,0.0,0.0,0.0,0.0,-0.4,0.0,-0.4,12,13,2,2,0,0,0,2,0,15.4,0.0,0.167,0.167,0.154,0.321
8462,Robert Andino,435180.0,2013,29,AL,0.0,0.0,0.0,0.0,-0.4,-0.4,0.0,76,85,14,10,4,0,0,27,7,31.8,8.2,0.184,0.237,0.247,0.484
8467,Brandon Snyder,474319.0,2013,27,AL,0.0,0.0,0.0,0.0,-0.4,-0.4,0.0,50,52,9,4,3,0,2,16,0,30.8,0.0,0.18,0.36,0.212,0.572
8472,Brock Peterson,453857.0,2013,30,NL,0.0,0.0,0.0,0.0,-0.4,-0.4,0.0,26,28,2,2,0,0,0,11,2,39.3,7.1,0.077,0.077,0.143,0.22
8498,Brendan Harris,430593.0,2013,33,AL,0.0,0.0,0.0,0.0,-0.41,-0.41,0.0,107,117,22,14,4,0,4,29,6,24.8,5.1,0.206,0.355,0.248,0.603
8533,Zoilo Almonte,501660.0,2013,24,AL,0.0,0.0,0.0,0.0,-0.43,-0.43,0.0,106,113,25,20,4,0,1,19,6,16.8,5.3,0.236,0.302,0.274,0.576
8557,Sean Halton,488936.0,2013,26,NL,0.0,0.0,0.0,0.0,-0.43,-0.43,0.0,101,111,24,16,4,0,4,31,5,27.9,4.5,0.238,0.396,0.288,0.684
8564,Jesus Montero,524968.0,2013,24,AL,0.0,0.0,0.0,0.0,-0.44,-0.44,0.0,101,110,21,16,1,1,3,21,8,19.1,7.3,0.208,0.327,0.264,0.59
8572,Cesar Hernandez,514917.0,2013,23,NL,0.0,0.0,0.0,0.0,-0.44,-0.44,0.0,121,131,35,30,5,0,0,26,9,19.8,6.9,0.289,0.331,0.344,0.674
8587,Endy Chavez,346795.0,2013,35,AL,0.0,0.0,0.0,0.0,-0.45,-0.45,0.0,266,279,71,59,10,0,2,31,9,11.1,3.2,0.267,0.327,0.287,0.614
8600,Henry Blanco,111072.0,2013,42,AL,0.0,0.0,0.0,0.0,-0.45,-0.45,0.0,134,150,19,11,5,0,3,36,14,24.0,9.3,0.142,0.246,0.227,0.473
8610,Josh Phegley,572033.0,2013,25,AL,0.0,0.0,0.0,0.0,-0.45,-0.45,0.0,204,213,42,31,7,0,4,41,5,19.2,2.3,0.206,0.299,0.221,0.52
8626,Michael Martinez,492841.0,2013,31,NL,0.0,0.0,0.0,0.0,-0.46,-0.46,0.0,40,40,7,7,0,0,0,12,0,30.0,0.0,0.175,0.175,0.175,0.35
8636,Brandon Inge,276346.0,2013,36,NL,0.0,0.0,0.0,0.0,-0.46,-0.46,0.0,105,110,19,15,3,0,1,32,2,29.1,1.8,0.181,0.238,0.2,0.438
8655,Yorvit Torrealba,150275.0,2013,35,NL,0.0,0.0,0.0,0.0,-0.47,-0.47,0.0,179,196,43,35,8,0,0,24,13,12.2,6.6,0.24,0.285,0.291,0.576
8665,Chris Capuano,425626.0,2013,35,NL,0.0,0.0,0.0,0.0,-0.47,-0.1,-0.37,24,29,1,1,0,0,0,8,1,27.6,3.4,0.042,0.042,0.069,0.111
8702,Starlin Castro,516770.0,2013,23,NL,0.0,0.0,0.0,0.0,-0.49,-0.49,0.0,666,705,163,117,34,2,10,129,30,18.3,4.3,0.245,0.347,0.284,0.631
8721,Brandon McCarthy,435221.0,2013,30,NL,0.0,0.0,0.0,0.0,-0.49,-0.32,-0.17,37,42,1,1,0,0,0,15,3,35.7,7.1,0.027,0.027,0.095,0.122
8725,Jake Elmore,518653.0,2013,26,AL,0.0,0.0,0.0,0.0,-0.49000000000000005,-0.53,0.04,120,136,29,23,4,0,2,20,13,14.7,9.6,0.242,0.325,0.309,0.634
8740,Michael McKenry,502374.0,2013,28,NL,0.0,0.0,0.0,0.0,-0.51,-0.51,0.0,115,122,25,16,6,0,3,24,5,19.7,4.1,0.217,0.348,0.262,0.61
8747,Adron Chambers,518545.0,2013,27,NL,0.0,0.0,0.0,0.0,-0.51,-0.51,0.0,26,29,4,3,1,0,0,11,3,37.9,10.3,0.154,0.192,0.241,0.434
8748,Xavier Paul,449082.0,2013,28,NL,0.0,0.0,0.0,0.0,-0.51,-0.51,0.0,209,239,51,32,12,0,7,53,27,22.2,11.3,0.244,0.402,0.339,0.741
8773,Blake Lalli,503351.0,2013,30,NL,0.0,0.0,0.0,0.0,-0.52,-0.52,0.0,24,24,3,3,0,0,0,7,0,29.2,0.0,0.125,0.125,0.125,0.25
8777,Jeff Francoeur,425796.0,2013,29,NL,0.0,0.0,0.0,0.0,-0.52,-0.52,0.0,245,256,50,35,10,2,3,61,9,23.8,3.5,0.204,0.298,0.238,0.536
8784,Danny Espinosa,457787.0,2013,26,NL,0.0,0.0,0.0,0.0,-0.52,-0.52,0.0,158,167,25,13,9,0,3,47,4,28.1,2.4,0.158,0.272,0.192,0.464
8796,Austin Romine,519222.0,2013,25,AL,0.0,0.0,0.0,0.0,-0.53,-0.53,0.0,135,148,28,18,9,0,1,37,8,25.0,5.4,0.207,0.296,0.25,0.546
8820,Alfredo Figaro,451628.0,2013,29,NL,0.0,0.0,0.0,0.0,-0.5399999999999999,0.03,-0.57,12,12,3,3,0,0,0,5,0,41.7,0.0,0.25,0.25,0.25,0.5
8832,Jack Hannahan,435219.0,2013,33,NL,0.0,0.0,0.0,0.0,-0.54,-0.54,0.0,139,162,30,23,5,1,1,38,19,23.5,11.7,0.216,0.288,0.315,0.603
8843,Jhonatan Solano,500207.0,2013,28,NL,0.0,0.0,0.0,0.0,-0.54,-0.54,0.0,48,50,7,5,2,0,0,7,2,14.0,4.0,0.146,0.188,0.18,0.368
8856,Fernando Martinez,494686.0,2013,25,AL,0.0,0.0,0.0,0.0,-0.55,-0.55,0.0,33,35,6,5,0,0,1,12,1,34.3,2.9,0.182,0.273,0.229,0.501
8875,Ruben Tejada,514913.0,2013,24,NL,0.0,0.0,0.0,0.0,-0.56,-0.56,0.0,208,227,42,30,12,0,0,24,15,10.6,6.6,0.202,0.26,0.256,0.515
8877,Koyie Hill,425542.0,2013,34,NL,0.0,0.0,0.0,0.0,-0.56,-0.56,0.0,58,61,9,7,2,0,0,18,2,29.5,3.3,0.155,0.19,0.18,0.37
8881,Ethan Martin,543495.0,2013,24,NL,0.0,0.0,0.0,0.0,-0.56,-0.14,-0.42,9,10,0,0,0,0,0,6,0,60.0,0.0,0.0,0.0,0.0,0.0
8912,Tim Lincecum,453311.0,2013,29,NL,0.0,0.0,0.0,0.0,-0.58,-0.11,-0.47,57,67,6,5,0,1,0,34,3,50.7,4.5,0.105,0.14,0.134,0.275
8919,Chad Bettis,518452.0,2013,24,NL,0.0,0.0,0.0,0.0,-0.5800000000000001,-0.02,-0.56,11,14,0,0,0,0,0,4,0,28.6,0.0,0.0,0.0,0.0,0.0
8922,Chad Tracy,429710.0,2013,33,NL,0.0,0.0,0.0,0.0,-0.59,-0.59,0.0,129,136,26,18,4,0,4,25,7,18.4,5.1,0.202,0.326,0.243,0.568
8955,Wilmer Flores,527038.0,2013,22,NL,0.0,0.0,0.0,0.0,-0.6,-0.6,0.0,95,101,20,14,5,0,1,23,5,22.8,5.0,0.211,0.295,0.248,0.542
8968,Mike Moustakas,519058.0,2013,25,AL,0.0,0.0,0.0,0.0,-0.61,-0.61,0.0,472,514,110,72,26,0,12,83,32,16.1,6.2,0.233,0.364,0.286,0.65
8980,Chris Valaika,453362.0,2013,28,NL,0.0,0.0,0.0,0.0,-0.61,-0.61,0.0,64,70,14,8,5,0,1,16,3,22.9,4.3,0.219,0.344,0.257,0.601
9003,Jason Giambi,114739.0,2013,42,AL,0.0,0.0,0.0,0.0,-0.63,-0.63,0.0,186,216,34,17,8,0,9,56,23,25.9,10.6,0.183,0.371,0.282,0.653
9004,Steve Lombardozzi,543459.0,2013,25,NL,0.0,0.0,0.0,0.0,-0.63,-0.63,0.0,290,307,75,57,15,1,2,34,8,11.1,2.6,0.259,0.338,0.274,0.612
9016,John Mayberry,460055.0,2013,30,NL,0.0,0.0,0.0,0.0,-0.64,-0.64,0.0,353,384,80,45,23,1,11,90,27,23.4,7.0,0.227,0.391,0.286,0.677
9046,Travis Snider,501983.0,2013,25,NL,0.0,0.0,0.0,0.0,-0.65,-0.65,0.0,261,285,56,37,12,2,5,75,24,26.3,8.4,0.215,0.333,0.281,0.614
9050,Kolten Wong,543939.0,2013,23,NL,0.0,0.0,0.0,0.0,-0.66,-0.66,0.0,59,62,9,8,1,0,0,12,3,19.4,4.8,0.153,0.169,0.194,0.363
9073,Jeff Francis,433585.0,2013,32,NL,0.0,0.0,0.0,0.0,-0.67,-0.02,-0.65,14,20,1,0,1,0,0,3,2,15.0,10.0,0.071,0.143,0.2,0.343
9095,Casey Kotchman,425773.0,2013,30,NL,0.0,0.0,0.0,0.0,-0.68,-0.68,0.0,20,21,0,0,0,0,0,1,1,4.8,4.8,0.0,0.0,0.048,0.048
9100,Ty Wigginton,421064.0,2013,36,NL,0.0,0.0,0.0,0.0,-0.69,-0.69,0.0,57,63,9,7,2,0,0,19,5,30.2,7.9,0.158,0.193,0.238,0.431
9122,Burch Smith,572143.0,2013,23,NL,0.0,0.0,0.0,0.0,-0.7,0.01,-0.71,9,10,1,1,0,0,0,2,1,20.0,10.0,0.111,0.111,0.2,0.311
9127,Tony Cruz,488810.0,2013,27,NL,0.0,0.0,0.0,0.0,-0.7,-0.7,0.0,123,129,25,17,6,1,1,25,4,19.4,3.1,0.203,0.293,0.24,0.533
9138,Michael Taylor,446345.0,2013,28,AL,0.0,0.0,0.0,0.0,-0.71,-0.71,0.0,23,25,1,1,0,0,0,5,2,20.0,8.0,0.043,0.043,0.12,0.163
9149,Ryan Wheeler,572253.0,2013,25,NL,0.0,0.0,0.0,0.0,-0.71,-0.71,0.0,41,42,9,7,2,0,0,10,1,23.8,2.4,0.22,0.268,0.238,0.506
9173,James McDonald,457428.0,2013,29,NL,0.0,0.0,0.0,0.0,-0.73,0.11,-0.84,11,12,3,3,0,0,0,5,1,41.7,8.3,0.273,0.273,0.333,0.606
9185,Oswaldo Arcia,542455.0,2013,22,AL,0.0,0.0,0.0,0.0,-0.74,-0.74,0.0,351,378,88,55,17,2,14,117,23,31.0,6.1,0.251,0.43,0.304,0.734
9199,Josh Beckett,277417.0,2013,33,NL,0.0,0.0,0.0,0.0,-0.75,0.0,-0.75,8,12,1,1,0,0,0,3,1,25.0,8.3,0.125,0.125,0.167,0.292
9203,Don Kelly,430603.0,2013,33,AL,0.0,0.0,0.0,0.0,-0.75,-0.75,0.0,216,251,48,35,6,1,6,28,27,11.2,10.8,0.222,0.343,0.307,0.649
9240,Derek Jeter,116539.0,2013,39,AL,0.0,0.0,0.0,0.0,-0.78,-0.78,0.0,63,73,12,10,1,0,1,10,8,13.7,11.0,0.19,0.254,0.288,0.542
9251,Hiram Burgos,572744.0,2013,26,NL,0.0,0.0,0.0,0.0,-0.79,-0.02,-0.77,8,10,1,1,0,0,0,6,0,60.0,0.0,0.125,0.125,0.1,0.225
9267,Josh Thole,489365.0,2013,27,AL,0.0,0.0,0.0,0.0,-0.79,-0.79,0.0,120,135,21,16,3,1,1,25,12,18.5,8.9,0.175,0.242,0.252,0.494
9287,Cameron Maybin,457727.0,2013,26,NL,0.0,0.0,0.0,0.0,-0.81,-0.81,0.0,51,57,8,6,1,0,1,9,4,15.8,7.0,0.157,0.235,0.228,0.463
9302,Tyler Cloyd,543031.0,2013,26,NL,0.0,0.0,0.0,0.0,-0.83,0.03,-0.86,18,22,2,1,1,0,0,4,2,18.2,9.1,0.111,0.167,0.182,0.348
9310,Maicer Izturis,430895.0,2013,33,AL,0.0,0.0,0.0,0.0,-0.83,-0.83,0.0,365,399,86,69,12,0,5,38,27,9.5,6.8,0.236,0.31,0.286,0.595
9320,Jerry Hairston,150020.0,2013,37,NL,0.0,0.0,0.0,0.0,-0.84,-0.84,0.0,204,226,43,34,7,0,2,22,14,9.7,6.2,0.211,0.275,0.261,0.536
9344,Shaun Marcum,451788.0,2013,32,NL,0.0,0.0,0.0,0.0,-0.87,0.01,-0.88,22,27,3,2,1,0,0,5,0,18.5,0.0,0.136,0.182,0.148,0.33
9349,Ryan Ludwick,407886.0,2013,35,NL,0.0,0.0,0.0,0.0,-0.89,-0.89,0.0,129,140,31,24,5,0,2,29,10,20.7,7.1,0.24,0.326,0.293,0.618
9352,Andy Parrino,519107.0,2013,28,AL,0.0,0.0,0.0,0.0,-0.89,-0.89,0.0,34,36,4,2,2,0,0,12,2,33.3,5.6,0.118,0.176,0.167,0.343
9354,Carlos Triunfel,508892.0,2013,23,AL,0.0,0.0,0.0,0.0,-0.89,-0.89,0.0,44,47,6,5,1,0,0,11,0,23.4,0.0,0.136,0.159,0.149,0.308
9357,Darin Mastroianni,518991.0,2013,28,AL,0.0,0.0,0.0,0.0,-0.9,-0.9,0.0,65,73,12,10,2,0,0,23,3,31.5,4.1,0.185,0.215,0.219,0.435
9390,Omar Quintanilla,435560.0,2013,32,NL,0.0,0.0,0.0,0.0,-0.93,-0.93,0.0,315,359,70,57,9,2,2,70,38,19.5,10.6,0.222,0.283,0.304,0.586
9422,Alex Gonzalez,136460.0,2013,36,NL,0.0,0.0,0.0,0.0,-0.96,-0.96,0.0,113,118,20,16,3,0,1,26,3,22.0,2.5,0.177,0.23,0.203,0.433
9426,Tyler Colvin,502125.0,2013,28,NL,0.0,0.0,0.0,0.0,-0.97,-0.97,0.0,75,78,12,9,0,0,3,27,3,34.6,3.8,0.16,0.28,0.192,0.472
9433,Jeremy Hefner,458550.0,2013,27,NL,0.0,0.0,0.0,0.0,-0.97,-0.36,-0.61,32,39,0,0,0,0,0,21,1,53.8,2.6,0.0,0.0,0.051,0.051
9453,Tyler Moore,489138.0,2013,26,NL,0.0,0.0,0.0,0.0,-1.0,-1.0,0.0,167,178,37,24,9,0,4,58,8,32.6,4.5,0.222,0.347,0.258,0.606
9490,Darwin Barney,446381.0,2013,28,NL,0.0,0.0,0.0,0.0,-1.06,-1.06,0.0,501,555,104,71,25,1,7,64,36,11.5,6.5,0.208,0.303,0.263,0.566
9492,Rickie Weeks,430001.0,2013,31,NL,0.0,0.0,0.0,0.0,-1.06,-1.06,0.0,350,399,73,42,20,1,10,105,40,26.3,10.0,0.209,0.357,0.306,0.663
9496,Nolan Reimold,460099.0,2013,30,AL,0.0,0.0,0.0,0.0,-1.07,-1.07,0.0,128,140,25,17,3,0,5,41,10,29.3,7.1,0.195,0.336,0.25,0.586
9562,J.D. Martinez,502110.0,2013,26,AL,0.0,0.0,0.0,0.0,-1.18,-1.18,0.0,296,310,74,50,17,0,7,82,10,26.5,3.2,0.25,0.378,0.271,0.649
9576,Skip Schumaker,435401.0,2013,33,NL,0.0,0.0,0.0,0.0,-1.21,-1.26,0.05,319,356,84,66,16,0,2,54,28,15.2,7.9,0.263,0.332,0.329,0.661
9595,Wily Peralta,503449.0,2013,24,NL,0.0,0.0,0.0,0.0,-1.26,-0.16,-1.1,50,60,7,7,0,0,0,20,1,33.3,1.7,0.14,0.14,0.133,0.273
9615,Paul Konerko,117244.0,2013,37,AL,0.0,0.0,0.0,0.0,-1.32,-1.32,0.0,467,520,114,86,16,0,12,74,45,14.2,8.7,0.244,0.355,0.313,0.669
9632,Edwin Jackson,429719.0,2013,30,NL,0.0,0.0,0.0,0.0,-1.37,-0.07,-1.3,52,59,4,2,1,0,1,17,2,28.8,3.4,0.077,0.154,0.102,0.256
9635,Johnny Hellweg,518782.0,2013,25,NL,0.0,0.0,0.0,0.0,-1.38,-0.14,-1.24,10,11,0,0,0,0,0,4,0,36.4,0.0,0.0,0.0,0.0,0.0
9640,Roy Halladay,136880.0,2013,36,NL,0.0,0.0,0.0,0.0,-1.3900000000000001,-0.27,-1.12,18,20,0,0,0,0,0,17,1,85.0,5.0,0.0,0.0,0.05,0.05
9649,Adeiny Hechavarria,588751.0,2013,24,NL,0.0,0.0,0.0,0.0,-1.43,-1.43,0.0,543,578,123,98,14,8,3,96,30,16.6,5.2,0.227,0.298,0.265,0.563
9663,Eduardo Nunez,456488.0,2013,26,AL,0.0,0.0,0.0,0.0,-1.46,-1.46,0.0,304,336,79,55,17,4,3,51,20,15.2,6.0,0.26,0.372,0.304,0.675
9692,Clayton Richard,453385.0,2013,30,NL,0.0,0.0,0.0,0.0,-1.56,0.12,-1.68,14,15,3,3,0,0,0,5,0,33.3,0.0,0.214,0.214,0.2,0.414
9698,Jimmy Paredes,517370.0,2013,25,AL,0.0,0.0,0.0,0.0,-1.58,-1.58,0.0,125,135,24,19,4,0,1,44,6,32.6,4.4,0.192,0.248,0.23,0.478
9702,Jordan Pacheco,457574.0,2013,27,NL,0.0,0.0,0.0,0.0,-1.62,-1.62,0.0,247,262,59,43,15,0,1,38,10,14.5,3.8,0.239,0.312,0.275,0.587
9710,B.J. Upton,425834.0,2013,29,NL,0.0,0.0,0.0,0.0,-1.66,-1.66,0.0,391,446,72,49,14,0,9,151,44,33.9,9.9,0.184,0.289,0.267,0.556
9719,Mark Kotsay,117276.0,2013,38,NL,0.0,0.0,0.0,0.0,-1.72,-1.72,0.0,155,171,30,27,2,0,1,25,13,14.6,7.6,0.194,0.226,0.251,0.477
9723,Rob Brantly,542963.0,2013,24,NL,0.0,0.0,0.0,0.0,-1.74,-1.74,0.0,223,243,47,37,9,0,1,53,15,21.8,6.2,0.211,0.265,0.263,0.528
9724,Jeff Keppinger,433898.0,2013,33,AL,0.0,0.0,0.0,0.0,-1.74,-1.74,0.0,423,451,107,89,13,1,4,41,20,9.1,4.4,0.253,0.317,0.282,0.598
9750,Ryan Vogelsong,285064.0,2013,36,NL,0.0,0.0,0.0,0.0,-1.95,0.01,-1.96,29,36,2,2,0,0,0,17,3,47.2,8.3,0.069,0.069,0.139,0.208
9764,Yuniesky Betancourt,435358.0,2013,31,NL,0.0,0.0,0.0,0.0,-2.31,-2.31,0.0,391,409,83,54,15,1,13,71,14,17.4,3.4,0.212,0.355,0.24,0.595
9767,Barry Zito,217096.0,2013,35,NL,0.0,0.0,0.0,0.0,-2.46,0.0,-2.46,34,43,5,5,0,0,0,8,0,18.6,0.0,0.147,0.147,0.116,0.263
