,rank,first_name,last_name,vote_points,1st_place,mvp_share,full_name,year
0,1,Albert,Pujols,448,32,1.0,Albert Pujols,2009
1,2,Hanley,Ramirez,233,0,0.52,Hanley Ramirez,2009
2,3,Ryan,Howard,217,0,0.48,Ryan Howard,2009
3,4,Prince,Fielder,203,0,0.45,Prince Fielder,2009
4,5,Troy,Tulowitzki,172,0,0.38,Troy Tulowitzki,2009
5,6,Andre,Ethier,113,0,0.25,Andre Ethier,2009
6,7,Pablo,Sandoval,89,0,0.2,Pablo Sandoval,2009
7,8,Chase,Utley,84,0,0.19,Chase Utley,2009
8,9,Derrek,Lee,66,0,0.15,Derrek Lee,2009
9,10,Matt,Kemp,49,0,0.11,Matt Kemp,2009
10,11,Ryan,Braun,43,0,0.1,Ryan Braun,2009
11,12,Adrian,Gonzalez,30,0,0.07,Adrian Gonzalez,2009
12,13,Todd,Helton,28,0,0.06,Todd Helton,2009
13,14,Chris,Carpenter,25,0,0.06,Chris Carpenter,2009
14,15,Adam,Wainwright,16,0,0.04,Adam Wainwright,2009
15,16,Matt,Holliday,15,0,0.03,Matt Holliday,2009
16,17,Jayson,Werth,10,0,0.02,Jayson Werth,2009
17,18,Tim,Lincecum,8,0,0.02,Tim Lincecum,2009
18,18,Shane,Victorino,8,0,0.02,Shane Victorino,2009
19,20,Yunel,Escobar,6,0,0.01,Yunel Escobar,2009
20,20,Mark,Reynolds,6,0,0.01,Mark Reynolds,2009
21,22,Joey,Votto,4,0,0.01,Joey Votto,2009
22,23,Yadier,Molina,3,0,0.01,Yadier Molina,2009
23,23,Miguel,Tejada,3,0,0.01,Miguel Tejada,2009
24,25,Huston,Street,2,0,0.0,Huston Street,2009
25,25,Justin,Upton,2,0,0.0,Justin Upton,2009
26,25,Ryan,Zimmerman,2,0,0.0,Ryan Zimmerman,2009
27,28,Jeremy,Affeldt,1,0,0.0,Jeremy Affeldt,2009
28,28,Chris,Coghlan,1,0,0.0,Chris Coghlan,2009
29,28,Brad,Hawpe,1,0,0.0,Brad Hawpe,2009
0,1,Joe,Mauer,387,27,0.99,Joe Mauer,2009
1,2,Mark,Teixeira,225,0,0.57,Mark Teixeira,2009
2,3,Derek,Jeter,193,0,0.49,Derek Jeter,2009
3,4,Miguel,Cabrera,171,1,0.44,Miguel Cabrera,2009
4,5,Kendrys,Morales,170,0,0.43,Kendrys Morales,2009
5,6,Kevin,Youkilis,150,0,0.38,Kevin Youkilis,2009
6,7,Jason,Bay,78,0,0.2,Jason Bay,2009
7,8,Ben,Zobrist,34,0,0.09,Ben Zobrist,2009
8,9,Ichiro,Suzuki,33,0,0.08,Ichiro Suzuki,2009
9,10,Chone,Figgins,31,0,0.08,Chone Figgins,2009
10,10,Alex,Rodriguez,31,0,0.08,Alex Rodriguez,2009
11,12,Bobby,Abreu,23,0,0.06,Bobby Abreu,2009
12,12,Aaron,Hill,23,0,0.06,Aaron Hill,2009
13,14,Mariano,Rivera,17,0,0.04,Mariano Rivera,2009
14,15,Adam,Lind,14,0,0.04,Adam Lind,2009
15,16,Michael,Young,13,0,0.03,Michael Young,2009
16,17,Robinson,Cano,12,0,0.03,Robinson Cano,2009
17,17,Zack,Greinke,12,0,0.03,Zack Greinke,2009
18,19,Evan,Longoria,9,0,0.02,Evan Longoria,2009
19,20,Justin,Verlander,7,0,0.02,Justin Verlander,2009
20,21,Michael,Cuddyer,4,0,0.01,Michael Cuddyer,2009
21,21,Victor,Martinez,4,0,0.01,Victor Martinez,2009
22,21,CC,Sabathia,4,0,0.01,CC Sabathia,2009
23,24,Jason,Kubel,3,0,0.01,Jason Kubel,2009
24,25,Placido,Polanco,2,0,0.01,Placido Polanco,2009
25,26,Felix,Hernandez,1,0,0.0,Felix Hernandez,2009
26,26,Ian,Kinsler,1,0,0.0,Ian Kinsler,2009
