,rank,first_name,last_name,vote_points,1st_place,mvp_share,full_name,year
0,1,Joey,Votto,443,31,0.99,Joey Votto,2010
1,2,Albert,Pujols,279,1,0.62,Albert Pujols,2010
2,3,Carlos,Gonzalez,240,0,0.54,Carlos Gonzalez,2010
3,4,Adrian,Gonzalez,197,0,0.44,Adrian Gonzalez,2010
4,5,Troy,Tulowitzki,132,0,0.29,Troy Tulowitzki,2010
5,6,Roy,Halladay,130,0,0.29,Roy Halladay,2010
6,7,Aubrey,Huff,70,0,0.16,Aubrey Huff,2010
7,8,Jayson,Werth,52,0,0.12,Jayson Werth,2010
8,9,Martin,Prado,51,0,0.11,Martin Prado,2010
9,10,Ryan,Howard,50,0,0.11,Ryan Howard,2010
10,11,Buster,Posey,40,0,0.09,Buster Posey,2010
11,12,Matt,Holliday,32,0,0.07,Matt Holliday,2010
12,13,Brian,Wilson,28,0,0.06,Brian Wilson,2010
13,14,Scott,Rolen,26,0,0.06,Scott Rolen,2010
14,15,Ryan,Braun,19,0,0.04,Ryan Braun,2010
15,16,Ryan,Zimmerman,18,0,0.04,Ryan Zimmerman,2010
16,17,Carlos,Ruiz,12,0,0.03,Carlos Ruiz,2010
17,17,Dan,Uggla,12,0,0.03,Dan Uggla,2010
18,17,Adam,Wainwright,12,0,0.03,Adam Wainwright,2010
19,20,Jason,Heyward,11,0,0.02,Jason Heyward,2010
20,21,Adam,Dunn,9,0,0.02,Adam Dunn,2010
21,21,Brian,McCann,9,0,0.02,Brian McCann,2010
22,23,Ubaldo,Jimenez,7,0,0.02,Ubaldo Jimenez,2010
23,24,David,Wright,3,0,0.01,David Wright,2010
24,25,Heath,Bell,2,0,0.0,Heath Bell,2010
25,25,Corey,Hart,2,0,0.0,Corey Hart,2010
26,25,Josh,Johnson,2,0,0.0,Josh Johnson,2010
0,1,Josh,Hamilton,358,22,0.91,Josh Hamilton,2010
1,2,Miguel,Cabrera,262,5,0.67,Miguel Cabrera,2010
2,3,Robinson,Cano,229,0,0.58,Robinson Cano,2010
3,4,Jose,Bautista,165,1,0.42,Jose Bautista,2010
4,5,Paul,Konerko,130,0,0.33,Paul Konerko,2010
5,6,Evan,Longoria,100,0,0.26,Evan Longoria,2010
6,7,Carl,Crawford,98,0,0.25,Carl Crawford,2010
7,8,Joe,Mauer,97,0,0.25,Joe Mauer,2010
8,9,Adrian,Beltre,83,0,0.21,Adrian Beltre,2010
9,10,Delmon,Young,44,0,0.11,Delmon Young,2010
10,11,Vladimir,Guerrero,22,0,0.06,Vladimir Guerrero,2010
11,12,Rafael,Soriano,21,0,0.05,Rafael Soriano,2010
12,13,CC,Sabathia,13,0,0.03,CC Sabathia,2010
13,14,Shin-Soo,Choo,9,0,0.02,Shin-Soo Choo,2010
14,15,Alex,Rodriguez,8,0,0.02,Alex Rodriguez,2010
15,16,Felix,Hernandez,6,0,0.02,Felix Hernandez,2010
16,17,Ichiro,Suzuki,3,0,0.01,Ichiro Suzuki,2010
17,18,Jim,Thome,2,0,0.01,Jim Thome,2010
18,19,Joakim,Soria,1,0,0.0,Joakim Soria,2010
19,19,Mark,Teixeira,1,0,0.0,Mark Teixeira,2010
