,rank,first_name,last_name,vote_points,1st_place,mvp_share,full_name,year
0,1,Ryan,Braun,388,20,0.87,Ryan Braun,2011
1,2,Matt,Kemp,332,10,0.74,Matt Kemp,2011
2,3,Prince,Fielder,229,1,0.51,Prince Fielder,2011
3,4,Justin,Upton,214,1,0.48,Justin Upton,2011
4,5,Albert,Pujols,166,0,0.37,Albert Pujols,2011
5,6,Joey,Votto,135,0,0.3,Joey Votto,2011
6,7,Lance,Berkman,118,0,0.26,Lance Berkman,2011
7,8,Troy,Tulowitzki,69,0,0.15,Troy Tulowitzki,2011
8,9,Roy,Halladay,52,0,0.12,Roy Halladay,2011
9,10,Ryan,Howard,39,0,0.09,Ryan Howard,2011
10,11,Jose,Reyes,31,0,0.07,Jose Reyes,2011
11,12,Clayton,Kershaw,29,0,0.06,Clayton Kershaw,2011
12,13,Shane,Victorino,18,0,0.04,Shane Victorino,2011
13,14,Ian,Kennedy,16,0,0.04,Ian Kennedy,2011
14,15,Cliff,Lee,12,0,0.03,Cliff Lee,2011
15,16,Hunter,Pence,10,0,0.02,Hunter Pence,2011
16,17,John,Axford,7,0,0.02,John Axford,2011
17,17,Pablo,Sandoval,7,0,0.02,Pablo Sandoval,2011
18,19,Mike,Morse,5,0,0.01,Mike Morse,2011
19,20,Carlos,Beltran,3,0,0.01,Carlos Beltran,2011
20,21,Yadier,Molina,2,0,0.0,Yadier Molina,2011
21,21,Miguel,Montero,2,0,0.0,Miguel Montero,2011
22,23,Starlin,Castro,1,0,0.0,Starlin Castro,2011
23,23,Craig,Kimbrel,1,0,0.0,Craig Kimbrel,2011
24,23,Carlos,Ruiz,1,0,0.0,Carlos Ruiz,2011
25,23,Giancarlo,Stanton,1,0,0.0,Giancarlo Stanton,2011
0,1,Justin,Verlander,280,13,0.71,Justin Verlander,2011
1,2,Jacoby,Ellsbury,242,4,0.62,Jacoby Ellsbury,2011
2,3,Jose,Bautista,231,5,0.59,Jose Bautista,2011
3,4,Curtis,Granderson,215,3,0.55,Curtis Granderson,2011
4,5,Miguel,Cabrera,193,2,0.49,Miguel Cabrera,2011
5,6,Robinson,Cano,112,0,0.29,Robinson Cano,2011
6,7,Adrian,Gonzalez,105,0,0.27,Adrian Gonzalez,2011
7,8,Michael,Young,96,1,0.24,Michael Young,2011
8,9,Dustin,Pedroia,48,0,0.12,Dustin Pedroia,2011
9,10,Evan,Longoria,27,0,0.07,Evan Longoria,2011
10,11,Ian,Kinsler,25,0,0.06,Ian Kinsler,2011
11,12,Alex,Avila,13,0,0.03,Alex Avila,2011
12,13,Paul,Konerko,11,0,0.03,Paul Konerko,2011
13,14,CC,Sabathia,10,0,0.03,CC Sabathia,2011
14,15,Adrian,Beltre,9,0,0.02,Adrian Beltre,2011
15,16,Victor,Martinez,7,0,0.02,Victor Martinez,2011
16,16,James,Shields,7,0,0.02,James Shields,2011
17,16,Ben,Zobrist,7,0,0.02,Ben Zobrist,2011
18,19,Mark,Teixeira,5,0,0.01,Mark Teixeira,2011
19,20,Asdrubal,Cabrera,4,0,0.01,Asdrubal Cabrera,2011
20,21,Alex,Gordon,3,0,0.01,Alex Gordon,2011
21,22,Josh,Hamilton,1,0,0.0,Josh Hamilton,2011
22,22,David,Robertson,1,0,0.0,David Robertson,2011
