,rank,first_name,last_name,vote_points,1st_place,mvp_share,full_name,year
0,1,Buster,Posey,422,27,0.94,Buster Posey,2012
1,2,Ryan,Braun,285,3,0.64,Ryan Braun,2012
2,3,Andrew,McCutchen,245,0,0.55,Andrew McCutchen,2012
3,4,Yadier,Molina,241,2,0.54,Yadier Molina,2012
4,5,Chase,Headley,127,0,0.28,Chase Headley,2012
5,6,Adam,LaRoche,86,0,0.19,Adam LaRoche,2012
6,6,David,Wright,86,0,0.19,David Wright,2012
7,8,Craig,Kimbrel,73,0,0.16,Craig Kimbrel,2012
8,9,Aramis,Ramirez,47,0,0.1,Aramis Ramirez,2012
9,10,Jay,Bruce,46,0,0.1,Jay Bruce,2012
10,11,Matt,Holliday,34,0,0.08,Matt Holliday,2012
11,12,Aroldis,Chapman,20,0,0.04,Aroldis Chapman,2012
12,13,Brandon,Phillips,18,0,0.04,Brandon Phillips,2012
13,14,R.A.,Dickey,16,0,0.04,R.A. Dickey,2012
14,14,Joey,Votto,16,0,0.04,Joey Votto,2012
15,16,Ian,Desmond,15,0,0.03,Ian Desmond,2012
16,16,Clayton,Kershaw,15,0,0.03,Clayton Kershaw,2012
17,18,Michael,Bourn,12,0,0.03,Michael Bourn,2012
18,19,Allen,Craig,10,0,0.02,Allen Craig,2012
19,20,Gio,Gonzalez,8,0,0.02,Gio Gonzalez,2012
20,20,Kris,Medlen,8,0,0.02,Kris Medlen,2012
21,20,Martin,Prado,8,0,0.02,Martin Prado,2012
22,20,Alfonso,Soriano,8,0,0.02,Alfonso Soriano,2012
23,24,Giancarlo,Stanton,7,0,0.02,Giancarlo Stanton,2012
24,24,Ryan,Zimmerman,7,0,0.02,Ryan Zimmerman,2012
25,26,Carlos,Beltran,6,0,0.01,Carlos Beltran,2012
26,26,Aaron,Hill,6,0,0.01,Aaron Hill,2012
27,28,Jason,Heyward,4,0,0.01,Jason Heyward,2012
28,28,Carlos,Ruiz,4,0,0.01,Carlos Ruiz,2012
29,30,Johnny,Cueto,2,0,0.0,Johnny Cueto,2012
30,30,Bryce,Harper,2,0,0.0,Bryce Harper,2012
31,32,Chipper,Jones,1,0,0.0,Chipper Jones,2012
32,32,Miguel,Montero,1,0,0.0,Miguel Montero,2012
33,32,Angel,Pagan,1,0,0.0,Angel Pagan,2012
34,32,Hunter,Pence,1,0,0.0,Hunter Pence,2012
0,1,Miguel,Cabrera,362,22,0.92,Miguel Cabrera,2012
1,2,Mike,Trout,281,6,0.72,Mike Trout,2012
2,3,Adrian,Beltre,210,0,0.54,Adrian Beltre,2012
3,4,Robinson,Cano,149,0,0.38,Robinson Cano,2012
4,5,Josh,Hamilton,127,0,0.32,Josh Hamilton,2012
5,6,Adam,Jones,120,0,0.31,Adam Jones,2012
6,7,Derek,Jeter,77,0,0.2,Derek Jeter,2012
7,8,Justin,Verlander,58,0,0.15,Justin Verlander,2012
8,9,Prince,Fielder,56,0,0.14,Prince Fielder,2012
9,10,Yoenis,CÃ©spedes,41,0,0.1,Yoenis CÃ©spedes,2012
10,11,Edwin,Encarnacion,33,0,0.08,Edwin Encarnacion,2012
11,12,David,Price,26,0,0.07,David Price,2012
12,13,Fernando,Rodney,24,0,0.06,Fernando Rodney,2012
13,14,Jim,Johnson,22,0,0.06,Jim Johnson,2012
14,15,Alex,Rios,17,0,0.04,Alex Rios,2012
15,16,Josh,Reddick,14,0,0.04,Josh Reddick,2012
16,17,Albert,Pujols,8,0,0.02,Albert Pujols,2012
17,18,Ben,Zobrist,7,0,0.02,Ben Zobrist,2012
18,19,Joe,Mauer,6,0,0.02,Joe Mauer,2012
19,20,Rafael,Soriano,5,0,0.01,Rafael Soriano,2012
20,21,Matt,Wieters,4,0,0.01,Matt Wieters,2012
21,22,Felix,Hernandez,2,0,0.01,Felix Hernandez,2012
22,22,Jered,Weaver,2,0,0.01,Jered Weaver,2012
23,24,Raul,Ibanez,1,0,0.0,Raul Ibanez,2012
