,rank,first_name,last_name,vote_points,1st_place,mvp_share,full_name,year
0,1,Clayton,Kershaw,355,18,0.85,Clayton Kershaw,2014
1,2,Giancarlo,Stanton,298,8,0.71,Giancarlo Stanton,2014
2,3,Andrew,McCutchen,271,4,0.65,Andrew McCutchen,2014
3,4,Jonathan,Lucroy,167,0,0.4,Jonathan Lucroy,2014
4,5,Anthony,Rendon,155,0,0.37,Anthony Rendon,2014
5,6,Buster,Posey,152,0,0.36,Buster Posey,2014
6,7,Adrian,Gonzalez,57,0,0.14,Adrian Gonzalez,2014
7,8,Adam,Wainwright,53,0,0.13,Adam Wainwright,2014
8,9,Josh,Harrison,52,0,0.12,Josh Harrison,2014
9,10,Anthony,Rizzo,37,0,0.09,Anthony Rizzo,2014
10,11,Hunter,Pence,34,0,0.08,Hunter Pence,2014
11,12,Johnny,Cueto,22,0,0.05,Johnny Cueto,2014
12,13,Russell,Martin,21,0,0.05,Russell Martin,2014
13,14,Matt,Holliday,17,0,0.04,Matt Holliday,2014
14,14,Jhonny,Peralta,17,0,0.04,Jhonny Peralta,2014
15,16,Carlos,Gomez,13,0,0.03,Carlos Gomez,2014
16,17,Justin,Upton,10,0,0.02,Justin Upton,2014
17,18,Jayson,Werth,9,0,0.02,Jayson Werth,2014
18,19,Yasiel,Puig,8,0,0.02,Yasiel Puig,2014
19,19,Denard,Span,8,0,0.02,Denard Span,2014
20,21,Devin,Mesoraco,5,0,0.01,Devin Mesoraco,2014
21,22,Lucas,Duda,3,0,0.01,Lucas Duda,2014
22,23,Freddie,Freeman,2,0,0.0,Freddie Freeman,2014
23,23,Justin,Morneau,2,0,0.0,Justin Morneau,2014
24,25,Dee,Strange-Gordon,1,0,0.0,Dee Strange-Gordon,2014
25,25,Troy,Tulowitzki,1,0,0.0,Troy Tulowitzki,2014
0,1,Mike,Trout,420,30,1.0,Mike Trout,2014
1,2,Victor,Martinez,229,0,0.55,Victor Martinez,2014
2,3,Michael,Brantley,191,0,0.45,Michael Brantley,2014
3,4,José,Abreu,145,0,0.35,José Abreu,2014
4,5,Robinson,Cano,124,0,0.3,Robinson Cano,2014
5,6,Jose,Bautista,122,0,0.29,Jose Bautista,2014
6,7,Nelson,Cruz,102,0,0.24,Nelson Cruz,2014
7,8,Josh,Donaldson,96,0,0.23,Josh Donaldson,2014
8,9,Miguel,Cabrera,82,0,0.2,Miguel Cabrera,2014
9,10,Felix,Hernandez,48,0,0.11,Felix Hernandez,2014
10,11,Corey,Kluber,45,0,0.11,Corey Kluber,2014
11,12,Alex,Gordon,44,0,0.1,Alex Gordon,2014
12,13,Jose,Altuve,41,0,0.1,Jose Altuve,2014
13,14,Adam,Jones,34,0,0.08,Adam Jones,2014
14,15,Adrian,Beltre,22,0,0.05,Adrian Beltre,2014
15,16,Greg,Holland,13,0,0.03,Greg Holland,2014
16,17,Albert,Pujols,5,0,0.01,Albert Pujols,2014
17,18,Howie,Kendrick,3,0,0.01,Howie Kendrick,2014
18,18,James,Shields,3,0,0.01,James Shields,2014
19,20,Kyle,Seager,1,0,0.0,Kyle Seager,2014
