,rank,first_name,last_name,vote_points,1st_place,mvp_share,full_name,year
0,1,Bryce,Harper,420,30,1.0,Bryce Harper,2015
1,2,Paul,Goldschmidt,234,0,0.56,Paul Goldschmidt,2015
2,3,Joey,Votto,175,0,0.42,Joey Votto,2015
3,4,Anthony,Rizzo,162,0,0.39,Anthony Rizzo,2015
4,5,Andrew,McCutchen,139,0,0.33,Andrew McCutchen,2015
5,6,Jake,Arrieta,134,0,0.32,Jake Arrieta,2015
6,7,Zack,Greinke,130,0,0.31,Zack Greinke,2015
7,8,Nolan,Arenado,102,0,0.24,Nolan Arenado,2015
8,9,Buster,Posey,84,0,0.2,Buster Posey,2015
9,10,Clayton,Kershaw,49,0,0.12,Clayton Kershaw,2015
10,11,Kris,Bryant,34,0,0.08,Kris Bryant,2015
11,12,Matt,Carpenter,26,0,0.06,Matt Carpenter,2015
12,13,Yoenis,Céspedes,24,0,0.06,Yoenis Céspedes,2015
13,14,AJ,Pollock,21,0,0.05,AJ Pollock,2015
14,15,Jason,Heyward,15,0,0.04,Jason Heyward,2015
15,16,Dee,Strange-Gordon,6,0,0.01,Dee Strange-Gordon,2015
16,17,Trevor,Rosenthal,5,0,0.01,Trevor Rosenthal,2015
17,18,Curtis,Granderson,4,0,0.01,Curtis Granderson,2015
18,19,Gerrit,Cole,3,0,0.01,Gerrit Cole,2015
19,19,Adrian,Gonzalez,3,0,0.01,Adrian Gonzalez,2015
0,1,Josh,Donaldson,385,23,0.92,Josh Donaldson,2015
1,2,Mike,Trout,304,7,0.72,Mike Trout,2015
2,3,Lorenzo,Cain,225,0,0.54,Lorenzo Cain,2015
3,4,Manny,Machado,158,0,0.38,Manny Machado,2015
4,5,Dallas,Keuchel,107,0,0.25,Dallas Keuchel,2015
5,6,Nelson,Cruz,94,0,0.22,Nelson Cruz,2015
6,7,Adrian,Beltre,83,0,0.2,Adrian Beltre,2015
7,8,Jose,Bautista,82,0,0.2,Jose Bautista,2015
8,9,David,Price,62,0,0.15,David Price,2015
9,10,Jose,Altuve,44,0,0.1,Jose Altuve,2015
10,11,Miguel,Cabrera,40,0,0.1,Miguel Cabrera,2015
11,12,Edwin,Encarnacion,38,0,0.09,Edwin Encarnacion,2015
12,13,Prince,Fielder,33,0,0.08,Prince Fielder,2015
13,14,Chris,Davis,32,0,0.08,Chris Davis,2015
14,15,J.D.,Martinez,18,0,0.04,J.D. Martinez,2015
15,16,Jason,Kipnis,17,0,0.04,Jason Kipnis,2015
16,17,Kevin,Kiermaier,10,0,0.02,Kevin Kiermaier,2015
17,18,Kendrys,Morales,7,0,0.02,Kendrys Morales,2015
18,19,Mookie,Betts,4,0,0.01,Mookie Betts,2015
19,19,Chris,Sale,4,0,0.01,Chris Sale,2015
20,21,JosÃ©,Abreu,3,0,0.01,JosÃ© Abreu,2015
21,21,Ian,Kinsler,3,0,0.01,Ian Kinsler,2015
22,21,Mike,Moustakas,3,0,0.01,Mike Moustakas,2015
23,24,Carlos,Correa,2,0,0.0,Carlos Correa,2015
24,24,Eric,Hosmer,2,0,0.0,Eric Hosmer,2015
25,24,Russell,Martin,2,0,0.0,Russell Martin,2015
26,24,Brian,McCann,2,0,0.0,Brian McCann,2015
27,28,Michael,Brantley,1,0,0.0,Michael Brantley,2015
28,28,Wade,Davis,1,0,0.0,Wade Davis,2015
29,28,Brian,Dozier,1,0,0.0,Brian Dozier,2015
30,28,David,Ortiz,1,0,0.0,David Ortiz,2015
31,28,Alex,Rodriguez,1,0,0.0,Alex Rodriguez,2015
32,28,Mark,Teixeira,1,0,0.0,Mark Teixeira,2015
