,rank,first_name,last_name,vote_points,1st_place,mvp_share,full_name,year
0,1,Kris,Bryant,415,29,0.99,Kris Bryant,2016
1,2,Daniel,Murphy,245,1,0.58,Daniel Murphy,2016
2,3,Corey,Seager,240,0,0.57,Corey Seager,2016
3,4,Anthony,Rizzo,202,0,0.48,Anthony Rizzo,2016
4,5,Nolan,Arenado,199,0,0.47,Nolan Arenado,2016
5,6,Freddie,Freeman,129,0,0.31,Freddie Freeman,2016
6,7,Joey,Votto,100,0,0.24,Joey Votto,2016
7,8,Yoenis,Céspedes,45,0,0.11,Yoenis Céspedes,2016
8,9,Justin,Turner,44,0,0.1,Justin Turner,2016
9,10,Max,Scherzer,39,0,0.09,Max Scherzer,2016
10,11,Paul,Goldschmidt,18,0,0.04,Paul Goldschmidt,2016
11,12,Brandon,Crawford,15,0,0.04,Brandon Crawford,2016
12,13,Jean,Segura,14,0,0.03,Jean Segura,2016
13,14,Buster,Posey,11,0,0.03,Buster Posey,2016
14,15,DJ,LeMahieu,8,0,0.02,DJ LeMahieu,2016
15,16,Madison,Bumgarner,7,0,0.02,Madison Bumgarner,2016
16,17,Jeurys,Familia,6,0,0.01,Jeurys Familia,2016
17,17,Wilson,Ramos,6,0,0.01,Wilson Ramos,2016
18,19,Addison,Russell,5,0,0.01,Addison Russell,2016
19,19,Noah,Syndergaard,5,0,0.01,Noah Syndergaard,2016
20,19,Christian,Yelich,5,0,0.01,Christian Yelich,2016
21,22,Yasmani,Grandal,4,0,0.01,Yasmani Grandal,2016
22,23,Ryan,Braun,2,0,0.0,Ryan Braun,2016
23,23,Kyle,Hendricks,2,0,0.0,Kyle Hendricks,2016
24,23,Yadier,Molina,2,0,0.0,Yadier Molina,2016
25,26,Charlie,Blackmon,1,0,0.0,Charlie Blackmon,2016
26,26,Johnny,Cueto,1,0,0.0,Johnny Cueto,2016
0,1,Mike,Trout,356,19,0.85,Mike Trout,2016
1,2,Mookie,Betts,311,9,0.74,Mookie Betts,2016
2,3,Jose,Altuve,227,0,0.54,Jose Altuve,2016
3,4,Josh,Donaldson,200,0,0.48,Josh Donaldson,2016
4,5,Manny,Machado,150,0,0.36,Manny Machado,2016
5,6,David,Ortiz,147,1,0.35,David Ortiz,2016
6,7,Adrian,Beltre,135,1,0.32,Adrian Beltre,2016
7,8,Robinson,Cano,79,0,0.19,Robinson Cano,2016
8,9,Miguel,Cabrera,56,0,0.13,Miguel Cabrera,2016
9,9,Francisco,Lindor,56,0,0.13,Francisco Lindor,2016
10,11,Zack,Britton,11,0,0.03,Zack Britton,2016
11,12,Kyle,Seager,10,0,0.02,Kyle Seager,2016
12,13,Brian,Dozier,9,0,0.02,Brian Dozier,2016
13,14,Edwin,Encarnacion,7,0,0.02,Edwin Encarnacion,2016
14,15,Nelson,Cruz,6,0,0.01,Nelson Cruz,2016
15,16,Chris,Sale,3,0,0.01,Chris Sale,2016
16,17,Jose,Ramirez,2,0,0.0,Jose Ramirez,2016
17,17,Justin,Verlander,2,0,0.0,Justin Verlander,2016
18,19,Adam,Eaton,1,0,0.0,Adam Eaton,2016
19,19,Corey,Kluber,1,0,0.0,Corey Kluber,2016
20,19,Evan,Longoria,1,0,0.0,Evan Longoria,2016
